Код,Валюта,Курс,Номинал,Изменение,Дата,Валюта (Код)
AUD,Австралийский доллар,46.998,1,0.0756,2023-01-16,Австралийский доллар (AUD)
AZN,Азербайджанский манат,39.7496,1,-0.1195,2023-01-16,Азербайджанский манат (AZN)
AMD,Армянский драм,17.0401,100,-0.062,2023-01-16,Армянский драм (AMD)
BYN,Белорусский рубль,25.9353,1,0.1251,2023-01-16,Белорусский рубль (BYN)
BGN,Болгарский лев,37.2167,1,-0.0257,2023-01-16,Болгарский лев (BGN)
BRL,Бразильский реал,13.1475,1,0.1176,2023-01-16,Бразильский реал (BRL)
GBP,Британский фунт стерлингов,82.2853,1,0.0712,2023-01-16,Британский фунт стерлингов (GBP)
HUF,Венгерский форинт,18.4938,100,0.219,2023-01-16,Венгерский форинт (HUF)
DKK,Датская крона,97.8573,10,-0.08,2023-01-16,Датская крона (DKK)
USD,Доллар США,67.5744,1,-0.2031,2023-01-16,Доллар США (USD)
EUR,Евро,73.1131,1,0.3223,2023-01-16,Евро (EUR)
INR,Индийская рупия,81.7747,100,-0.1838,2023-01-16,Индийская рупия (INR)
ISK,Исландская крона,24.1259,100,0.0739,2023-01-16,Исландская крона (ISK)
KZT,Казахстанский тенге,14.6082,100,-0.0559,2023-01-16,Казахстанский тенге (KZT)
CAD,Канадский доллар,50.5116,1,0.0256,2023-01-16,Канадский доллар (CAD)
KGS,Киргизский сом,78.8683,100,-0.2371,2023-01-16,Киргизский сом (KGS)
CNY,Китайский юань,10.0307,1,0.0291,2023-01-16,Китайский юань (CNY)
MDL,Молдавский лей,35.2589,10,-0.0693,2023-01-16,Молдавский лей (MDL)
NOK,Норвежская крона,68.3502,10,0.3408,2023-01-16,Норвежская крона (NOK)
PLN,Польский злотый,15.5809,1,0.0281,2023-01-16,Польский злотый (PLN)
RON,Румынский лей,14.8228,1,0.0407,2023-01-16,Румынский лей (RON)
SGD,Сингапурский доллар,51.0766,1,0.1314,2023-01-16,Сингапурский доллар (SGD)
XDR,Специальные права заимствования,90.8342,1,-0.0866,2023-01-16,Специальные права заимствования (XDR)
TJS,Таджикский сомони,65.9874,10,-0.2248,2023-01-16,Таджикский сомони (TJS)
TRY,Турецкая лира,35.9865,10,-0.1134,2023-01-16,Турецкая лира (TRY)
TMT,Туркменский манат,19.307,1,-0.058,2023-01-16,Туркменский манат (TMT)
UZS,Узбекский сум,59.7983,0,-0.0647,2023-01-16,Узбекский сум (UZS)
UAH,Украинская гривна,18.3043,10,-0.0513,2023-01-16,Украинская гривна (UAH)
CZK,Чешская крона,30.2861,10,-0.0299,2023-01-16,Чешская крона (CZK)
SEK,Шведская крона,65.0442,10,0.4807,2023-01-16,Шведская крона (SEK)
CHF,Швейцарский франк,72.7702,1,-0.0306,2023-01-16,Швейцарский франк (CHF)
ZAR,Южноафриканский ранд,40.3996,10,0.278,2023-01-16,Южноафриканский ранд (ZAR)
KRW,Южнокорейская вона,54.4384,0,0.0336,2023-01-16,Южнокорейская вона (KRW)
JPY,Японская иена,52.29,100,0.9045,2023-01-16,Японская иена (JPY)
AUD,Австралийский доллар,46.998,1,0.0756,2023-01-15,Австралийский доллар (AUD)
AZN,Азербайджанский манат,39.7496,1,-0.1195,2023-01-15,Азербайджанский манат (AZN)
AMD,Армянский драм,17.0401,100,-0.062,2023-01-15,Армянский драм (AMD)
BYN,Белорусский рубль,25.9353,1,0.1251,2023-01-15,Белорусский рубль (BYN)
BGN,Болгарский лев,37.2167,1,-0.0257,2023-01-15,Болгарский лев (BGN)
BRL,Бразильский реал,13.1475,1,0.1176,2023-01-15,Бразильский реал (BRL)
GBP,Британский фунт стерлингов,82.2853,1,0.0712,2023-01-15,Британский фунт стерлингов (GBP)
HUF,Венгерский форинт,18.4938,100,0.219,2023-01-15,Венгерский форинт (HUF)
DKK,Датская крона,97.8573,10,-0.08,2023-01-15,Датская крона (DKK)
USD,Доллар США,67.5744,1,-0.2031,2023-01-15,Доллар США (USD)
EUR,Евро,73.1131,1,0.3223,2023-01-15,Евро (EUR)
INR,Индийская рупия,81.7747,100,-0.1838,2023-01-15,Индийская рупия (INR)
ISK,Исландская крона,24.1259,100,0.0739,2023-01-15,Исландская крона (ISK)
KZT,Казахстанский тенге,14.6082,100,-0.0559,2023-01-15,Казахстанский тенге (KZT)
CAD,Канадский доллар,50.5116,1,0.0256,2023-01-15,Канадский доллар (CAD)
KGS,Киргизский сом,78.8683,100,-0.2371,2023-01-15,Киргизский сом (KGS)
CNY,Китайский юань,10.0307,1,0.0291,2023-01-15,Китайский юань (CNY)
MDL,Молдавский лей,35.2589,10,-0.0693,2023-01-15,Молдавский лей (MDL)
NOK,Норвежская крона,68.3502,10,0.3408,2023-01-15,Норвежская крона (NOK)
PLN,Польский злотый,15.5809,1,0.0281,2023-01-15,Польский злотый (PLN)
RON,Румынский лей,14.8228,1,0.0407,2023-01-15,Румынский лей (RON)
SGD,Сингапурский доллар,51.0766,1,0.1314,2023-01-15,Сингапурский доллар (SGD)
XDR,Специальные права заимствования,90.8342,1,-0.0866,2023-01-15,Специальные права заимствования (XDR)
TJS,Таджикский сомони,65.9874,10,-0.2248,2023-01-15,Таджикский сомони (TJS)
TRY,Турецкая лира,35.9865,10,-0.1134,2023-01-15,Турецкая лира (TRY)
TMT,Туркменский манат,19.307,1,-0.058,2023-01-15,Туркменский манат (TMT)
UZS,Узбекский сум,59.7983,0,-0.0647,2023-01-15,Узбекский сум (UZS)
UAH,Украинская гривна,18.3043,10,-0.0513,2023-01-15,Украинская гривна (UAH)
CZK,Чешская крона,30.2861,10,-0.0299,2023-01-15,Чешская крона (CZK)
SEK,Шведская крона,65.0442,10,0.4807,2023-01-15,Шведская крона (SEK)
CHF,Швейцарский франк,72.7702,1,-0.0306,2023-01-15,Швейцарский франк (CHF)
ZAR,Южноафриканский ранд,40.3996,10,0.278,2023-01-15,Южноафриканский ранд (ZAR)
KRW,Южнокорейская вона,54.4384,0,0.0336,2023-01-15,Южнокорейская вона (KRW)
JPY,Японская иена,52.29,100,0.9045,2023-01-15,Японская иена (JPY)
AUD,Австралийский доллар,46.998,1,0.0756,2023-01-14,Австралийский доллар (AUD)
AZN,Азербайджанский манат,39.7496,1,-0.1195,2023-01-14,Азербайджанский манат (AZN)
AMD,Армянский драм,17.0401,100,-0.062,2023-01-14,Армянский драм (AMD)
BYN,Белорусский рубль,25.9353,1,0.1251,2023-01-14,Белорусский рубль (BYN)
BGN,Болгарский лев,37.2167,1,-0.0257,2023-01-14,Болгарский лев (BGN)
BRL,Бразильский реал,13.1475,1,0.1176,2023-01-14,Бразильский реал (BRL)
GBP,Британский фунт стерлингов,82.2853,1,0.0712,2023-01-14,Британский фунт стерлингов (GBP)
HUF,Венгерский форинт,18.4938,100,0.219,2023-01-14,Венгерский форинт (HUF)
DKK,Датская крона,97.8573,10,-0.08,2023-01-14,Датская крона (DKK)
USD,Доллар США,67.5744,1,-0.2031,2023-01-14,Доллар США (USD)
EUR,Евро,73.1131,1,0.3223,2023-01-14,Евро (EUR)
INR,Индийская рупия,81.7747,100,-0.1838,2023-01-14,Индийская рупия (INR)
ISK,Исландская крона,24.1259,100,0.0739,2023-01-14,Исландская крона (ISK)
KZT,Казахстанский тенге,14.6082,100,-0.0559,2023-01-14,Казахстанский тенге (KZT)
CAD,Канадский доллар,50.5116,1,0.0256,2023-01-14,Канадский доллар (CAD)
KGS,Киргизский сом,78.8683,100,-0.2371,2023-01-14,Киргизский сом (KGS)
CNY,Китайский юань,10.0307,1,0.0291,2023-01-14,Китайский юань (CNY)
MDL,Молдавский лей,35.2589,10,-0.0693,2023-01-14,Молдавский лей (MDL)
NOK,Норвежская крона,68.3502,10,0.3408,2023-01-14,Норвежская крона (NOK)
PLN,Польский злотый,15.5809,1,0.0281,2023-01-14,Польский злотый (PLN)
RON,Румынский лей,14.8228,1,0.0407,2023-01-14,Румынский лей (RON)
SGD,Сингапурский доллар,51.0766,1,0.1314,2023-01-14,Сингапурский доллар (SGD)
XDR,Специальные права заимствования,90.8342,1,-0.0866,2023-01-14,Специальные права заимствования (XDR)
TJS,Таджикский сомони,65.9874,10,-0.2248,2023-01-14,Таджикский сомони (TJS)
TRY,Турецкая лира,35.9865,10,-0.1134,2023-01-14,Турецкая лира (TRY)
TMT,Туркменский манат,19.307,1,-0.058,2023-01-14,Туркменский манат (TMT)
UZS,Узбекский сум,59.7983,0,-0.0647,2023-01-14,Узбекский сум (UZS)
UAH,Украинская гривна,18.3043,10,-0.0513,2023-01-14,Украинская гривна (UAH)
CZK,Чешская крона,30.2861,10,-0.0299,2023-01-14,Чешская крона (CZK)
SEK,Шведская крона,65.0442,10,0.4807,2023-01-14,Шведская крона (SEK)
CHF,Швейцарский франк,72.7702,1,-0.0306,2023-01-14,Швейцарский франк (CHF)
ZAR,Южноафриканский ранд,40.3996,10,0.278,2023-01-14,Южноафриканский ранд (ZAR)
KRW,Южнокорейская вона,54.4384,0,0.0336,2023-01-14,Южнокорейская вона (KRW)
JPY,Японская иена,52.29,100,0.9045,2023-01-14,Японская иена (JPY)
AUD,Австралийский доллар,46.9224,1,-0.7775,2023-01-13,Австралийский доллар (AUD)
AZN,Азербайджанский манат,39.8691,1,-0.731,2023-01-13,Азербайджанский манат (AZN)
AMD,Армянский драм,17.1021,100,-0.329,2023-01-13,Армянский драм (AMD)
BYN,Белорусский рубль,25.8102,1,0.0429,2023-01-13,Белорусский рубль (BYN)
BGN,Болгарский лев,37.2424,1,-0.5976,2023-01-13,Болгарский лев (BGN)
BRL,Бразильский реал,13.0299,1,-0.1439,2023-01-13,Бразильский реал (BRL)
GBP,Британский фунт стерлингов,82.2141,1,-1.6316,2023-01-13,Британский фунт стерлингов (GBP)
HUF,Венгерский форинт,18.2748,100,-0.2551,2023-01-13,Венгерский форинт (HUF)
DKK,Датская крона,97.9373,10,-1.5728,2023-01-13,Датская крона (DKK)
USD,Доллар США,67.7775,1,-1.2427,2023-01-13,Доллар США (USD)
EUR,Евро,72.7908,1,-1.3453,2023-01-13,Евро (EUR)
INR,Индийская рупия,81.9585,100,-1.2935,2023-01-13,Индийская рупия (INR)
ISK,Исландская крона,24.1259,100,0.0739,2023-01-13,Исландская крона (ISK)
KZT,Казахстанский тенге,14.6641,100,-0.2805,2023-01-13,Казахстанский тенге (KZT)
CAD,Канадский доллар,50.486,1,-0.941,2023-01-13,Канадский доллар (CAD)
KGS,Киргизский сом,79.1054,100,-1.4504,2023-01-13,Киргизский сом (KGS)
CNY,Китайский юань,10.0016,1,-0.138,2023-01-13,Китайский юань (CNY)
MDL,Молдавский лей,35.3282,10,-0.6239,2023-01-13,Молдавский лей (MDL)
NOK,Норвежская крона,68.0094,10,-0.8455,2023-01-13,Норвежская крона (NOK)
PLN,Польский злотый,15.5528,1,-0.2453,2023-01-13,Польский злотый (PLN)
RON,Румынский лей,14.7821,1,-0.2579,2023-01-13,Румынский лей (RON)
SGD,Сингапурский доллар,50.9452,1,-0.8912,2023-01-13,Сингапурский доллар (SGD)
XDR,Специальные права заимствования,90.9208,1,-1.6636,2023-01-13,Специальные права заимствования (XDR)
TJS,Таджикский сомони,66.2122,10,-1.2549,2023-01-13,Таджикский сомони (TJS)
TRY,Турецкая лира,36.0999,10,-0.6669,2023-01-13,Турецкая лира (TRY)
TMT,Туркменский манат,19.365,1,-0.3551,2023-01-13,Туркменский манат (TMT)
UZS,Узбекский сум,59.863,0,-1.1883,2023-01-13,Узбекский сум (UZS)
UAH,Украинская гривна,18.3556,10,-0.4247,2023-01-13,Украинская гривна (UAH)
CZK,Чешская крона,30.316,10,-0.5407,2023-01-13,Чешская крона (CZK)
SEK,Шведская крона,64.5635,10,-1.4618,2023-01-13,Шведская крона (SEK)
CHF,Швейцарский франк,72.8008,1,-1.9692,2023-01-13,Швейцарский франк (CHF)
ZAR,Южноафриканский ранд,40.1216,10,-0.3915,2023-01-13,Южноафриканский ранд (ZAR)
KRW,Южнокорейская вона,54.4048,0,-0.9797,2023-01-13,Южнокорейская вона (KRW)
JPY,Японская иена,51.3855,100,-0.7603,2023-01-13,Японская иена (JPY)
AUD,Австралийский доллар,47.6999,1,-0.3584,2023-01-12,Австралийский доллар (AUD)
AZN,Азербайджанский манат,40.6001,1,-0.3466,2023-01-12,Азербайджанский манат (AZN)
AMD,Армянский драм,17.4311,100,-0.1857,2023-01-12,Армянский драм (AMD)
BYN,Белорусский рубль,25.7673,1,-0.1503,2023-01-12,Белорусский рубль (BYN)
BGN,Болгарский лев,37.84,1,-0.227,2023-01-12,Болгарский лев (BGN)
BRL,Бразильский реал,13.1738,1,0.031,2023-01-12,Бразильский реал (BRL)
GBP,Британский фунт стерлингов,83.8457,1,-1.029,2023-01-12,Британский фунт стерлингов (GBP)
HUF,Венгерский форинт,18.5299,100,-0.2525,2023-01-12,Венгерский форинт (HUF)
DKK,Датская крона,99.5101,10,-0.5979,2023-01-12,Датская крона (DKK)
USD,Доллар США,69.0202,1,-0.5892,2023-01-12,Доллар США (USD)
EUR,Евро,74.1361,1,-0.4077,2023-01-12,Евро (EUR)
INR,Индийская рупия,83.252,100,-0.8359,2023-01-12,Индийская рупия (INR)
ISK,Исландская крона,24.1259,100,0.0739,2023-01-12,Исландская крона (ISK)
KZT,Казахстанский тенге,14.9446,100,-0.1064,2023-01-12,Казахстанский тенге (KZT)
CAD,Канадский доллар,51.427,1,-0.6135,2023-01-12,Канадский доллар (CAD)
KGS,Киргизский сом,80.5558,100,-0.6877,2023-01-12,Киргизский сом (KGS)
CNY,Китайский юань,10.1396,1,-0.0804,2023-01-12,Китайский юань (CNY)
MDL,Молдавский лей,35.9521,10,-0.2357,2023-01-12,Молдавский лей (MDL)
NOK,Норвежская крона,68.8549,10,-1.1874,2023-01-12,Норвежская крона (NOK)
PLN,Польский злотый,15.7981,1,-0.1177,2023-01-12,Польский злотый (PLN)
RON,Румынский лей,15.04,1,-0.136,2023-01-12,Румынский лей (RON)
SGD,Сингапурский доллар,51.8364,1,-0.4543,2023-01-12,Сингапурский доллар (SGD)
XDR,Специальные права заимствования,92.5844,1,-0.6254,2023-01-12,Специальные права заимствования (XDR)
TJS,Таджикский сомони,67.4671,10,-0.6079,2023-01-12,Таджикский сомони (TJS)
TRY,Турецкая лира,36.7668,10,-0.3173,2023-01-12,Турецкая лира (TRY)
TMT,Туркменский манат,19.7201,1,-0.1683,2023-01-12,Туркменский манат (TMT)
UZS,Узбекский сум,61.0513,0,-0.6332,2023-01-12,Узбекский сум (UZS)
UAH,Украинская гривна,18.7803,10,-0.1603,2023-01-12,Украинская гривна (UAH)
CZK,Чешская крона,30.8567,10,-0.1774,2023-01-12,Чешская крона (CZK)
SEK,Шведская крона,66.0253,10,-1.0707,2023-01-12,Шведская крона (SEK)
CHF,Швейцарский франк,74.77,1,-0.8924,2023-01-12,Швейцарский франк (CHF)
ZAR,Южноафриканский ранд,40.5131,10,-0.5164,2023-01-12,Южноафриканский ранд (ZAR)
KRW,Южнокорейская вона,55.3845,0,-0.5401,2023-01-12,Южнокорейская вона (KRW)
JPY,Японская иена,52.1458,100,-0.6686,2023-01-12,Японская иена (JPY)
AUD,Австралийский доллар,48.0583,1,-0.6527,2023-01-11,Австралийский доллар (AUD)
AZN,Азербайджанский манат,40.9467,1,-0.4064,2023-01-11,Азербайджанский манат (AZN)
AMD,Армянский драм,17.6168,100,-0.1839,2023-01-11,Армянский драм (AMD)
BYN,Белорусский рубль,25.9176,1,-0.0225,2023-01-11,Белорусский рубль (BYN)
BGN,Болгарский лев,38.067,1,0.326,2023-01-11,Болгарский лев (BGN)
BRL,Бразильский реал,13.1428,1,-0.1585,2023-01-11,Бразильский реал (BRL)
GBP,Британский фунт стерлингов,84.8747,1,0.184,2023-01-11,Британский фунт стерлингов (GBP)
HUF,Венгерский форинт,18.7824,100,-0.1125,2023-01-11,Венгерский форинт (HUF)
DKK,Датская крона,10.0108,1,0.0855,2023-01-11,Датская крона (DKK)
USD,Доллар США,69.6094,1,-0.6908,2023-01-11,Доллар США (USD)
EUR,Евро,74.5438,1,-0.5347,2023-01-11,Евро (EUR)
INR,Индийская рупия,84.0879,100,-0.9917,2023-01-11,Индийская рупия (INR)
ISK,Исландская крона,24.1259,100,0.0739,2023-01-11,Исландская крона (ISK)
KZT,Казахстанский тенге,15.051,100,-0.1225,2023-01-11,Казахстанский тенге (KZT)
CAD,Канадский доллар,52.0405,1,-0.0878,2023-01-11,Канадский доллар (CAD)
KGS,Киргизский сом,81.2435,100,-0.8062,2023-01-11,Киргизский сом (KGS)
CNY,Китайский юань,10.22,1,-0.0667,2023-01-11,Китайский юань (CNY)
MDL,Молдавский лей,36.1878,10,-0.4118,2023-01-11,Молдавский лей (MDL)
NOK,Норвежская крона,70.0423,10,-0.9042,2023-01-11,Норвежская крона (NOK)
PLN,Польский злотый,15.9158,1,-0.0801,2023-01-11,Польский злотый (PLN)
RON,Румынский лей,15.176,1,-0.0566,2023-01-11,Румынский лей (RON)
SGD,Сингапурский доллар,52.2907,1,-0.5269,2023-01-11,Сингапурский доллар (SGD)
XDR,Специальные права заимствования,93.2098,1,-0.0287,2023-01-11,Специальные права заимствования (XDR)
TJS,Таджикский сомони,68.075,10,-0.7429,2023-01-11,Таджикский сомони (TJS)
TRY,Турецкая лира,37.0841,10,-0.376,2023-01-11,Турецкая лира (TRY)
TMT,Туркменский манат,19.8884,1,-0.1974,2023-01-11,Туркменский манат (TMT)
UZS,Узбекский сум,61.6845,0,-0.528,2023-01-11,Узбекский сум (UZS)
UAH,Украинская гривна,18.9406,10,-0.1449,2023-01-11,Украинская гривна (UAH)
CZK,Чешская крона,31.0341,10,0.3501,2023-01-11,Чешская крона (CZK)
SEK,Шведская крона,67.096,10,-0.0074,2023-01-11,Шведская крона (SEK)
CHF,Швейцарский франк,75.6624,1,-0.3789,2023-01-11,Швейцарский франк (CHF)
ZAR,Южноафриканский ранд,41.0295,10,-0.2832,2023-01-11,Южноафриканский ранд (ZAR)
KRW,Южнокорейская вона,55.9246,0,-0.6095,2023-01-11,Южнокорейская вона (KRW)
JPY,Японская иена,52.8144,100,0.2102,2023-01-11,Японская иена (JPY)
AUD,Австралийский доллар,48.711,1,1.0573,2023-01-10,Австралийский доллар (AUD)
AZN,Азербайджанский манат,41.3531,1,-0.0219,2023-01-10,Азербайджанский манат (AZN)
AMD,Армянский драм,17.8007,100,-0.071,2023-01-10,Армянский драм (AMD)
BYN,Белорусский рубль,25.9401,1,0.2357,2023-01-10,Белорусский рубль (BYN)
BGN,Болгарский лев,37.741,1,-0.5567,2023-01-10,Болгарский лев (BGN)
BRL,Бразильский реал,13.3013,1,-0.18,2023-01-10,Бразильский реал (BRL)
GBP,Британский фунт стерлингов,84.6907,1,-0.1012,2023-01-10,Британский фунт стерлингов (GBP)
HUF,Венгерский форинт,18.8949,100,0.1722,2023-01-10,Венгерский форинт (HUF)
DKK,Датская крона,99.2534,10,-1.4686,2023-01-10,Датская крона (DKK)
USD,Доллар США,70.3002,1,-0.0373,2023-01-10,Доллар США (USD)
EUR,Евро,75.0785,1,-0.5768,2023-01-10,Евро (EUR)
INR,Индийская рупия,85.0796,100,0.2011,2023-01-10,Индийская рупия (INR)
ISK,Исландская крона,24.1259,100,0.0739,2023-01-10,Исландская крона (ISK)
KZT,Казахстанский тенге,15.1735,100,-0.0848,2023-01-10,Казахстанский тенге (KZT)
CAD,Канадский доллар,52.1283,1,0.2455,2023-01-10,Канадский доллар (CAD)
KGS,Киргизский сом,82.0497,100,-0.0436,2023-01-10,Киргизский сом (KGS)
CNY,Китайский юань,10.2867,1,0.3918,2023-01-10,Китайский юань (CNY)
MDL,Молдавский лей,36.5996,10,-0.115,2023-01-10,Молдавский лей (MDL)
NOK,Норвежская крона,70.9465,10,-0.5645,2023-01-10,Норвежская крона (NOK)
PLN,Польский злотый,15.9959,1,-0.0537,2023-01-10,Польский злотый (PLN)
RON,Румынский лей,15.2326,1,0.056,2023-01-10,Румынский лей (RON)
SGD,Сингапурский доллар,52.8176,1,0.5065,2023-01-10,Сингапурский доллар (SGD)
XDR,Специальные права заимствования,93.2385,1,-0.3695,2023-01-10,Специальные права заимствования (XDR)
TJS,Таджикский сомони,68.8179,10,-0.1242,2023-01-10,Таджикский сомони (TJS)
TRY,Турецкая лира,37.4601,10,-0.1264,2023-01-10,Турецкая лира (TRY)
TMT,Туркменский манат,20.0858,1,-0.0106,2023-01-10,Туркменский манат (TMT)
UZS,Узбекский сум,62.2125,0,-0.4464,2023-01-10,Узбекский сум (UZS)
UAH,Украинская гривна,19.0855,10,-0.0532,2023-01-10,Украинская гривна (UAH)
CZK,Чешская крона,30.684,10,-0.2771,2023-01-10,Чешская крона (CZK)
SEK,Шведская крона,67.1034,10,-0.2884,2023-01-10,Шведская крона (SEK)
CHF,Швейцарский франк,76.0413,1,-0.1392,2023-01-10,Швейцарский франк (CHF)
ZAR,Южноафриканский ранд,41.3127,10,-0.1035,2023-01-10,Южноафриканский ранд (ZAR)
KRW,Южнокорейская вона,56.5341,0,0.9093,2023-01-10,Южнокорейская вона (KRW)
JPY,Японская иена,52.6042,100,-0.4567,2023-01-10,Японская иена (JPY)
AUD,Австралийский доллар,47.6537,1,-0.9385,2023-01-09,Австралийский доллар (AUD)
AZN,Азербайджанский манат,41.375,1,-0.9649,2023-01-09,Азербайджанский манат (AZN)
AMD,Армянский драм,17.8717,100,-0.4242,2023-01-09,Армянский драм (AMD)
BYN,Белорусский рубль,25.7044,1,-0.5994,2023-01-09,Белорусский рубль (BYN)
BGN,Болгарский лев,38.2977,1,-0.7931,2023-01-09,Болгарский лев (BGN)
BRL,Бразильский реал,13.4813,1,-0.1682,2023-01-09,Бразильский реал (BRL)
GBP,Британский фунт стерлингов,84.7919,1,-1.8478,2023-01-09,Британский фунт стерлингов (GBP)
HUF,Венгерский форинт,18.7227,100,-0.3311,2023-01-09,Венгерский форинт (HUF)
DKK,Датская крона,10.0722,1,-0.2262,2023-01-09,Датская крона (DKK)
USD,Доллар США,70.3375,1,-1.6403,2023-01-09,Доллар США (USD)
EUR,Евро,75.6553,1,-0.4212,2023-01-09,Евро (EUR)
INR,Индийская рупия,84.8785,100,-2.1901,2023-01-09,Индийская рупия (INR)
ISK,Исландская крона,24.1259,100,0.0739,2023-01-09,Исландская крона (ISK)
KZT,Казахстанский тенге,15.2583,100,-0.3473,2023-01-09,Казахстанский тенге (KZT)
CAD,Канадский доллар,51.8828,1,-1.1786,2023-01-09,Канадский доллар (CAD)
KGS,Киргизский сом,82.0933,100,-1.9144,2023-01-09,Киргизский сом (KGS)
CNY,Китайский юань,98.9492,10,-2.3568,2023-01-09,Китайский юань (CNY)
MDL,Молдавский лей,36.7146,10,-0.8445,2023-01-09,Молдавский лей (MDL)
NOK,Норвежская крона,71.511,10,-1.1278,2023-01-09,Норвежская крона (NOK)
PLN,Польский злотый,16.0496,1,-0.2626,2023-01-09,Польский злотый (PLN)
RON,Румынский лей,15.1766,1,-0.3022,2023-01-09,Румынский лей (RON)
SGD,Сингапурский доллар,52.3111,1,-1.073,2023-01-09,Сингапурский доллар (SGD)
XDR,Специальные права заимствования,93.608,1,-2.1829,2023-01-09,Специальные права заимствования (XDR)
TJS,Таджикский сомони,68.9421,10,-1.6161,2023-01-09,Таджикский сомони (TJS)
TRY,Турецкая лира,37.5865,10,-0.8769,2023-01-09,Турецкая лира (TRY)
TMT,Туркменский манат,20.0964,1,-0.4687,2023-01-09,Туркменский манат (TMT)
UZS,Узбекский сум,62.6589,0,-1.6324,2023-01-09,Узбекский сум (UZS)
UAH,Украинская гривна,19.1387,10,-0.3507,2023-01-09,Украинская гривна (UAH)
CZK,Чешская крона,30.9611,10,-0.6136,2023-01-09,Чешская крона (CZK)
SEK,Шведская крона,67.3918,10,-1.3234,2023-01-09,Шведская крона (SEK)
CHF,Швейцарский франк,76.1805,1,-1.7682,2023-01-09,Швейцарский франк (CHF)
ZAR,Южноафриканский ранд,41.4162,10,-0.8846,2023-01-09,Южноафриканский ранд (ZAR)
KRW,Южнокорейская вона,55.6248,0,-1.2971,2023-01-09,Южнокорейская вона (KRW)
JPY,Японская иена,53.0609,100,-0.6419,2023-01-09,Японская иена (JPY)
AUD,Австралийский доллар,47.6537,1,-0.9385,2023-01-08,Австралийский доллар (AUD)
AZN,Азербайджанский манат,41.375,1,-0.9649,2023-01-08,Азербайджанский манат (AZN)
AMD,Армянский драм,17.8717,100,-0.4242,2023-01-08,Армянский драм (AMD)
BYN,Белорусский рубль,25.7044,1,-0.5994,2023-01-08,Белорусский рубль (BYN)
BGN,Болгарский лев,38.2977,1,-0.7931,2023-01-08,Болгарский лев (BGN)
BRL,Бразильский реал,13.4813,1,-0.1682,2023-01-08,Бразильский реал (BRL)
GBP,Британский фунт стерлингов,84.7919,1,-1.8478,2023-01-08,Британский фунт стерлингов (GBP)
HUF,Венгерский форинт,18.7227,100,-0.3311,2023-01-08,Венгерский форинт (HUF)
DKK,Датская крона,10.0722,1,-0.2262,2023-01-08,Датская крона (DKK)
USD,Доллар США,70.3375,1,-1.6403,2023-01-08,Доллар США (USD)
EUR,Евро,75.6553,1,-0.4212,2023-01-08,Евро (EUR)
INR,Индийская рупия,84.8785,100,-2.1901,2023-01-08,Индийская рупия (INR)
ISK,Исландская крона,24.1259,100,0.0739,2023-01-08,Исландская крона (ISK)
KZT,Казахстанский тенге,15.2583,100,-0.3473,2023-01-08,Казахстанский тенге (KZT)
CAD,Канадский доллар,51.8828,1,-1.1786,2023-01-08,Канадский доллар (CAD)
KGS,Киргизский сом,82.0933,100,-1.9144,2023-01-08,Киргизский сом (KGS)
CNY,Китайский юань,98.9492,10,-2.3568,2023-01-08,Китайский юань (CNY)
MDL,Молдавский лей,36.7146,10,-0.8445,2023-01-08,Молдавский лей (MDL)
NOK,Норвежская крона,71.511,10,-1.1278,2023-01-08,Норвежская крона (NOK)
PLN,Польский злотый,16.0496,1,-0.2626,2023-01-08,Польский злотый (PLN)
RON,Румынский лей,15.1766,1,-0.3022,2023-01-08,Румынский лей (RON)
SGD,Сингапурский доллар,52.3111,1,-1.073,2023-01-08,Сингапурский доллар (SGD)
XDR,Специальные права заимствования,93.608,1,-2.1829,2023-01-08,Специальные права заимствования (XDR)
TJS,Таджикский сомони,68.9421,10,-1.6161,2023-01-08,Таджикский сомони (TJS)
TRY,Турецкая лира,37.5865,10,-0.8769,2023-01-08,Турецкая лира (TRY)
TMT,Туркменский манат,20.0964,1,-0.4687,2023-01-08,Туркменский манат (TMT)
UZS,Узбекский сум,62.6589,0,-1.6324,2023-01-08,Узбекский сум (UZS)
UAH,Украинская гривна,19.1387,10,-0.3507,2023-01-08,Украинская гривна (UAH)
CZK,Чешская крона,30.9611,10,-0.6136,2023-01-08,Чешская крона (CZK)
SEK,Шведская крона,67.3918,10,-1.3234,2023-01-08,Шведская крона (SEK)
CHF,Швейцарский франк,76.1805,1,-1.7682,2023-01-08,Швейцарский франк (CHF)
ZAR,Южноафриканский ранд,41.4162,10,-0.8846,2023-01-08,Южноафриканский ранд (ZAR)
KRW,Южнокорейская вона,55.6248,0,-1.2971,2023-01-08,Южнокорейская вона (KRW)
JPY,Японская иена,53.0609,100,-0.6419,2023-01-08,Японская иена (JPY)
AUD,Австралийский доллар,47.6537,1,-0.9385,2023-01-07,Австралийский доллар (AUD)
AZN,Азербайджанский манат,41.375,1,-0.9649,2023-01-07,Азербайджанский манат (AZN)
AMD,Армянский драм,17.8717,100,-0.4242,2023-01-07,Армянский драм (AMD)
BYN,Белорусский рубль,25.7044,1,-0.5994,2023-01-07,Белорусский рубль (BYN)
BGN,Болгарский лев,38.2977,1,-0.7931,2023-01-07,Болгарский лев (BGN)
BRL,Бразильский реал,13.4813,1,-0.1682,2023-01-07,Бразильский реал (BRL)
GBP,Британский фунт стерлингов,84.7919,1,-1.8478,2023-01-07,Британский фунт стерлингов (GBP)
HUF,Венгерский форинт,18.7227,100,-0.3311,2023-01-07,Венгерский форинт (HUF)
DKK,Датская крона,10.0722,1,-0.2262,2023-01-07,Датская крона (DKK)
USD,Доллар США,70.3375,1,-1.6403,2023-01-07,Доллар США (USD)
EUR,Евро,75.6553,1,-0.4212,2023-01-07,Евро (EUR)
INR,Индийская рупия,84.8785,100,-2.1901,2023-01-07,Индийская рупия (INR)
ISK,Исландская крона,24.1259,100,0.0739,2023-01-07,Исландская крона (ISK)
KZT,Казахстанский тенге,15.2583,100,-0.3473,2023-01-07,Казахстанский тенге (KZT)
CAD,Канадский доллар,51.8828,1,-1.1786,2023-01-07,Канадский доллар (CAD)
KGS,Киргизский сом,82.0933,100,-1.9144,2023-01-07,Киргизский сом (KGS)
CNY,Китайский юань,98.9492,10,-2.3568,2023-01-07,Китайский юань (CNY)
MDL,Молдавский лей,36.7146,10,-0.8445,2023-01-07,Молдавский лей (MDL)
NOK,Норвежская крона,71.511,10,-1.1278,2023-01-07,Норвежская крона (NOK)
PLN,Польский злотый,16.0496,1,-0.2626,2023-01-07,Польский злотый (PLN)
RON,Румынский лей,15.1766,1,-0.3022,2023-01-07,Румынский лей (RON)
SGD,Сингапурский доллар,52.3111,1,-1.073,2023-01-07,Сингапурский доллар (SGD)
XDR,Специальные права заимствования,93.608,1,-2.1829,2023-01-07,Специальные права заимствования (XDR)
TJS,Таджикский сомони,68.9421,10,-1.6161,2023-01-07,Таджикский сомони (TJS)
TRY,Турецкая лира,37.5865,10,-0.8769,2023-01-07,Турецкая лира (TRY)
TMT,Туркменский манат,20.0964,1,-0.4687,2023-01-07,Туркменский манат (TMT)
UZS,Узбекский сум,62.6589,0,-1.6324,2023-01-07,Узбекский сум (UZS)
UAH,Украинская гривна,19.1387,10,-0.3507,2023-01-07,Украинская гривна (UAH)
CZK,Чешская крона,30.9611,10,-0.6136,2023-01-07,Чешская крона (CZK)
SEK,Шведская крона,67.3918,10,-1.3234,2023-01-07,Шведская крона (SEK)
CHF,Швейцарский франк,76.1805,1,-1.7682,2023-01-07,Швейцарский франк (CHF)
ZAR,Южноафриканский ранд,41.4162,10,-0.8846,2023-01-07,Южноафриканский ранд (ZAR)
KRW,Южнокорейская вона,55.6248,0,-1.2971,2023-01-07,Южнокорейская вона (KRW)
JPY,Японская иена,53.0609,100,-0.6419,2023-01-07,Японская иена (JPY)
AUD,Австралийский доллар,47.6537,1,-0.9385,2023-01-06,Австралийский доллар (AUD)
AZN,Азербайджанский манат,41.375,1,-0.9649,2023-01-06,Азербайджанский манат (AZN)
AMD,Армянский драм,17.8717,100,-0.4242,2023-01-06,Армянский драм (AMD)
BYN,Белорусский рубль,25.7044,1,-0.5994,2023-01-06,Белорусский рубль (BYN)
BGN,Болгарский лев,38.2977,1,-0.7931,2023-01-06,Болгарский лев (BGN)
BRL,Бразильский реал,13.4813,1,-0.1682,2023-01-06,Бразильский реал (BRL)
GBP,Британский фунт стерлингов,84.7919,1,-1.8478,2023-01-06,Британский фунт стерлингов (GBP)
HUF,Венгерский форинт,18.7227,100,-0.3311,2023-01-06,Венгерский форинт (HUF)
DKK,Датская крона,10.0722,1,-0.2262,2023-01-06,Датская крона (DKK)
USD,Доллар США,70.3375,1,-1.6403,2023-01-06,Доллар США (USD)
EUR,Евро,75.6553,1,-0.4212,2023-01-06,Евро (EUR)
INR,Индийская рупия,84.8785,100,-2.1901,2023-01-06,Индийская рупия (INR)
ISK,Исландская крона,24.1259,100,0.0739,2023-01-06,Исландская крона (ISK)
KZT,Казахстанский тенге,15.2583,100,-0.3473,2023-01-06,Казахстанский тенге (KZT)
CAD,Канадский доллар,51.8828,1,-1.1786,2023-01-06,Канадский доллар (CAD)
KGS,Киргизский сом,82.0933,100,-1.9144,2023-01-06,Киргизский сом (KGS)
CNY,Китайский юань,98.9492,10,-2.3568,2023-01-06,Китайский юань (CNY)
MDL,Молдавский лей,36.7146,10,-0.8445,2023-01-06,Молдавский лей (MDL)
NOK,Норвежская крона,71.511,10,-1.1278,2023-01-06,Норвежская крона (NOK)
PLN,Польский злотый,16.0496,1,-0.2626,2023-01-06,Польский злотый (PLN)
RON,Румынский лей,15.1766,1,-0.3022,2023-01-06,Румынский лей (RON)
SGD,Сингапурский доллар,52.3111,1,-1.073,2023-01-06,Сингапурский доллар (SGD)
XDR,Специальные права заимствования,93.608,1,-2.1829,2023-01-06,Специальные права заимствования (XDR)
TJS,Таджикский сомони,68.9421,10,-1.6161,2023-01-06,Таджикский сомони (TJS)
TRY,Турецкая лира,37.5865,10,-0.8769,2023-01-06,Турецкая лира (TRY)
TMT,Туркменский манат,20.0964,1,-0.4687,2023-01-06,Туркменский манат (TMT)
UZS,Узбекский сум,62.6589,0,-1.6324,2023-01-06,Узбекский сум (UZS)
UAH,Украинская гривна,19.1387,10,-0.3507,2023-01-06,Украинская гривна (UAH)
CZK,Чешская крона,30.9611,10,-0.6136,2023-01-06,Чешская крона (CZK)
SEK,Шведская крона,67.3918,10,-1.3234,2023-01-06,Шведская крона (SEK)
CHF,Швейцарский франк,76.1805,1,-1.7682,2023-01-06,Швейцарский франк (CHF)
ZAR,Южноафриканский ранд,41.4162,10,-0.8846,2023-01-06,Южноафриканский ранд (ZAR)
KRW,Южнокорейская вона,55.6248,0,-1.2971,2023-01-06,Южнокорейская вона (KRW)
JPY,Японская иена,53.0609,100,-0.6419,2023-01-06,Японская иена (JPY)
AUD,Австралийский доллар,47.6537,1,-0.9385,2023-01-05,Австралийский доллар (AUD)
AZN,Азербайджанский манат,41.375,1,-0.9649,2023-01-05,Азербайджанский манат (AZN)
AMD,Армянский драм,17.8717,100,-0.4242,2023-01-05,Армянский драм (AMD)
BYN,Белорусский рубль,25.7044,1,-0.5994,2023-01-05,Белорусский рубль (BYN)
BGN,Болгарский лев,38.2977,1,-0.7931,2023-01-05,Болгарский лев (BGN)
BRL,Бразильский реал,13.4813,1,-0.1682,2023-01-05,Бразильский реал (BRL)
GBP,Британский фунт стерлингов,84.7919,1,-1.8478,2023-01-05,Британский фунт стерлингов (GBP)
HUF,Венгерский форинт,18.7227,100,-0.3311,2023-01-05,Венгерский форинт (HUF)
DKK,Датская крона,10.0722,1,-0.2262,2023-01-05,Датская крона (DKK)
USD,Доллар США,70.3375,1,-1.6403,2023-01-05,Доллар США (USD)
EUR,Евро,75.6553,1,-0.4212,2023-01-05,Евро (EUR)
INR,Индийская рупия,84.8785,100,-2.1901,2023-01-05,Индийская рупия (INR)
ISK,Исландская крона,24.1259,100,0.0739,2023-01-05,Исландская крона (ISK)
KZT,Казахстанский тенге,15.2583,100,-0.3473,2023-01-05,Казахстанский тенге (KZT)
CAD,Канадский доллар,51.8828,1,-1.1786,2023-01-05,Канадский доллар (CAD)
KGS,Киргизский сом,82.0933,100,-1.9144,2023-01-05,Киргизский сом (KGS)
CNY,Китайский юань,98.9492,10,-2.3568,2023-01-05,Китайский юань (CNY)
MDL,Молдавский лей,36.7146,10,-0.8445,2023-01-05,Молдавский лей (MDL)
NOK,Норвежская крона,71.511,10,-1.1278,2023-01-05,Норвежская крона (NOK)
PLN,Польский злотый,16.0496,1,-0.2626,2023-01-05,Польский злотый (PLN)
RON,Румынский лей,15.1766,1,-0.3022,2023-01-05,Румынский лей (RON)
SGD,Сингапурский доллар,52.3111,1,-1.073,2023-01-05,Сингапурский доллар (SGD)
XDR,Специальные права заимствования,93.608,1,-2.1829,2023-01-05,Специальные права заимствования (XDR)
TJS,Таджикский сомони,68.9421,10,-1.6161,2023-01-05,Таджикский сомони (TJS)
TRY,Турецкая лира,37.5865,10,-0.8769,2023-01-05,Турецкая лира (TRY)
TMT,Туркменский манат,20.0964,1,-0.4687,2023-01-05,Туркменский манат (TMT)
UZS,Узбекский сум,62.6589,0,-1.6324,2023-01-05,Узбекский сум (UZS)
UAH,Украинская гривна,19.1387,10,-0.3507,2023-01-05,Украинская гривна (UAH)
CZK,Чешская крона,30.9611,10,-0.6136,2023-01-05,Чешская крона (CZK)
SEK,Шведская крона,67.3918,10,-1.3234,2023-01-05,Шведская крона (SEK)
CHF,Швейцарский франк,76.1805,1,-1.7682,2023-01-05,Швейцарский франк (CHF)
ZAR,Южноафриканский ранд,41.4162,10,-0.8846,2023-01-05,Южноафриканский ранд (ZAR)
KRW,Южнокорейская вона,55.6248,0,-1.2971,2023-01-05,Южнокорейская вона (KRW)
JPY,Японская иена,53.0609,100,-0.6419,2023-01-05,Японская иена (JPY)
AUD,Австралийский доллар,47.6537,1,-0.9385,2023-01-04,Австралийский доллар (AUD)
AZN,Азербайджанский манат,41.375,1,-0.9649,2023-01-04,Азербайджанский манат (AZN)
AMD,Армянский драм,17.8717,100,-0.4242,2023-01-04,Армянский драм (AMD)
BYN,Белорусский рубль,25.7044,1,-0.5994,2023-01-04,Белорусский рубль (BYN)
BGN,Болгарский лев,38.2977,1,-0.7931,2023-01-04,Болгарский лев (BGN)
BRL,Бразильский реал,13.4813,1,-0.1682,2023-01-04,Бразильский реал (BRL)
GBP,Британский фунт стерлингов,84.7919,1,-1.8478,2023-01-04,Британский фунт стерлингов (GBP)
HUF,Венгерский форинт,18.7227,100,-0.3311,2023-01-04,Венгерский форинт (HUF)
DKK,Датская крона,10.0722,1,-0.2262,2023-01-04,Датская крона (DKK)
USD,Доллар США,70.3375,1,-1.6403,2023-01-04,Доллар США (USD)
EUR,Евро,75.6553,1,-0.4212,2023-01-04,Евро (EUR)
INR,Индийская рупия,84.8785,100,-2.1901,2023-01-04,Индийская рупия (INR)
ISK,Исландская крона,24.1259,100,0.0739,2023-01-04,Исландская крона (ISK)
KZT,Казахстанский тенге,15.2583,100,-0.3473,2023-01-04,Казахстанский тенге (KZT)
CAD,Канадский доллар,51.8828,1,-1.1786,2023-01-04,Канадский доллар (CAD)
KGS,Киргизский сом,82.0933,100,-1.9144,2023-01-04,Киргизский сом (KGS)
CNY,Китайский юань,98.9492,10,-2.3568,2023-01-04,Китайский юань (CNY)
MDL,Молдавский лей,36.7146,10,-0.8445,2023-01-04,Молдавский лей (MDL)
NOK,Норвежская крона,71.511,10,-1.1278,2023-01-04,Норвежская крона (NOK)
PLN,Польский злотый,16.0496,1,-0.2626,2023-01-04,Польский злотый (PLN)
RON,Румынский лей,15.1766,1,-0.3022,2023-01-04,Румынский лей (RON)
SGD,Сингапурский доллар,52.3111,1,-1.073,2023-01-04,Сингапурский доллар (SGD)
XDR,Специальные права заимствования,93.608,1,-2.1829,2023-01-04,Специальные права заимствования (XDR)
TJS,Таджикский сомони,68.9421,10,-1.6161,2023-01-04,Таджикский сомони (TJS)
TRY,Турецкая лира,37.5865,10,-0.8769,2023-01-04,Турецкая лира (TRY)
TMT,Туркменский манат,20.0964,1,-0.4687,2023-01-04,Туркменский манат (TMT)
UZS,Узбекский сум,62.6589,0,-1.6324,2023-01-04,Узбекский сум (UZS)
UAH,Украинская гривна,19.1387,10,-0.3507,2023-01-04,Украинская гривна (UAH)
CZK,Чешская крона,30.9611,10,-0.6136,2023-01-04,Чешская крона (CZK)
SEK,Шведская крона,67.3918,10,-1.3234,2023-01-04,Шведская крона (SEK)
CHF,Швейцарский франк,76.1805,1,-1.7682,2023-01-04,Швейцарский франк (CHF)
ZAR,Южноафриканский ранд,41.4162,10,-0.8846,2023-01-04,Южноафриканский ранд (ZAR)
KRW,Южнокорейская вона,55.6248,0,-1.2971,2023-01-04,Южнокорейская вона (KRW)
JPY,Японская иена,53.0609,100,-0.6419,2023-01-04,Японская иена (JPY)
AUD,Австралийский доллар,47.6537,1,-0.9385,2023-01-03,Австралийский доллар (AUD)
AZN,Азербайджанский манат,41.375,1,-0.9649,2023-01-03,Азербайджанский манат (AZN)
AMD,Армянский драм,17.8717,100,-0.4242,2023-01-03,Армянский драм (AMD)
BYN,Белорусский рубль,25.7044,1,-0.5994,2023-01-03,Белорусский рубль (BYN)
BGN,Болгарский лев,38.2977,1,-0.7931,2023-01-03,Болгарский лев (BGN)
BRL,Бразильский реал,13.4813,1,-0.1682,2023-01-03,Бразильский реал (BRL)
GBP,Британский фунт стерлингов,84.7919,1,-1.8478,2023-01-03,Британский фунт стерлингов (GBP)
HUF,Венгерский форинт,18.7227,100,-0.3311,2023-01-03,Венгерский форинт (HUF)
DKK,Датская крона,10.0722,1,-0.2262,2023-01-03,Датская крона (DKK)
USD,Доллар США,70.3375,1,-1.6403,2023-01-03,Доллар США (USD)
EUR,Евро,75.6553,1,-0.4212,2023-01-03,Евро (EUR)
INR,Индийская рупия,84.8785,100,-2.1901,2023-01-03,Индийская рупия (INR)
ISK,Исландская крона,24.1259,100,0.0739,2023-01-03,Исландская крона (ISK)
KZT,Казахстанский тенге,15.2583,100,-0.3473,2023-01-03,Казахстанский тенге (KZT)
CAD,Канадский доллар,51.8828,1,-1.1786,2023-01-03,Канадский доллар (CAD)
KGS,Киргизский сом,82.0933,100,-1.9144,2023-01-03,Киргизский сом (KGS)
CNY,Китайский юань,98.9492,10,-2.3568,2023-01-03,Китайский юань (CNY)
MDL,Молдавский лей,36.7146,10,-0.8445,2023-01-03,Молдавский лей (MDL)
NOK,Норвежская крона,71.511,10,-1.1278,2023-01-03,Норвежская крона (NOK)
PLN,Польский злотый,16.0496,1,-0.2626,2023-01-03,Польский злотый (PLN)
RON,Румынский лей,15.1766,1,-0.3022,2023-01-03,Румынский лей (RON)
SGD,Сингапурский доллар,52.3111,1,-1.073,2023-01-03,Сингапурский доллар (SGD)
XDR,Специальные права заимствования,93.608,1,-2.1829,2023-01-03,Специальные права заимствования (XDR)
TJS,Таджикский сомони,68.9421,10,-1.6161,2023-01-03,Таджикский сомони (TJS)
TRY,Турецкая лира,37.5865,10,-0.8769,2023-01-03,Турецкая лира (TRY)
TMT,Туркменский манат,20.0964,1,-0.4687,2023-01-03,Туркменский манат (TMT)
UZS,Узбекский сум,62.6589,0,-1.6324,2023-01-03,Узбекский сум (UZS)
UAH,Украинская гривна,19.1387,10,-0.3507,2023-01-03,Украинская гривна (UAH)
CZK,Чешская крона,30.9611,10,-0.6136,2023-01-03,Чешская крона (CZK)
SEK,Шведская крона,67.3918,10,-1.3234,2023-01-03,Шведская крона (SEK)
CHF,Швейцарский франк,76.1805,1,-1.7682,2023-01-03,Швейцарский франк (CHF)
ZAR,Южноафриканский ранд,41.4162,10,-0.8846,2023-01-03,Южноафриканский ранд (ZAR)
KRW,Южнокорейская вона,55.6248,0,-1.2971,2023-01-03,Южнокорейская вона (KRW)
JPY,Японская иена,53.0609,100,-0.6419,2023-01-03,Японская иена (JPY)
AUD,Австралийский доллар,47.6537,1,-0.9385,2023-01-02,Австралийский доллар (AUD)
AZN,Азербайджанский манат,41.375,1,-0.9649,2023-01-02,Азербайджанский манат (AZN)
AMD,Армянский драм,17.8717,100,-0.4242,2023-01-02,Армянский драм (AMD)
BYN,Белорусский рубль,25.7044,1,-0.5994,2023-01-02,Белорусский рубль (BYN)
BGN,Болгарский лев,38.2977,1,-0.7931,2023-01-02,Болгарский лев (BGN)
BRL,Бразильский реал,13.4813,1,-0.1682,2023-01-02,Бразильский реал (BRL)
GBP,Британский фунт стерлингов,84.7919,1,-1.8478,2023-01-02,Британский фунт стерлингов (GBP)
HUF,Венгерский форинт,18.7227,100,-0.3311,2023-01-02,Венгерский форинт (HUF)
DKK,Датская крона,10.0722,1,-0.2262,2023-01-02,Датская крона (DKK)
USD,Доллар США,70.3375,1,-1.6403,2023-01-02,Доллар США (USD)
EUR,Евро,75.6553,1,-0.4212,2023-01-02,Евро (EUR)
INR,Индийская рупия,84.8785,100,-2.1901,2023-01-02,Индийская рупия (INR)
ISK,Исландская крона,24.1259,100,0.0739,2023-01-02,Исландская крона (ISK)
KZT,Казахстанский тенге,15.2583,100,-0.3473,2023-01-02,Казахстанский тенге (KZT)
CAD,Канадский доллар,51.8828,1,-1.1786,2023-01-02,Канадский доллар (CAD)
KGS,Киргизский сом,82.0933,100,-1.9144,2023-01-02,Киргизский сом (KGS)
CNY,Китайский юань,98.9492,10,-2.3568,2023-01-02,Китайский юань (CNY)
MDL,Молдавский лей,36.7146,10,-0.8445,2023-01-02,Молдавский лей (MDL)
NOK,Норвежская крона,71.511,10,-1.1278,2023-01-02,Норвежская крона (NOK)
PLN,Польский злотый,16.0496,1,-0.2626,2023-01-02,Польский злотый (PLN)
RON,Румынский лей,15.1766,1,-0.3022,2023-01-02,Румынский лей (RON)
SGD,Сингапурский доллар,52.3111,1,-1.073,2023-01-02,Сингапурский доллар (SGD)
XDR,Специальные права заимствования,93.608,1,-2.1829,2023-01-02,Специальные права заимствования (XDR)
TJS,Таджикский сомони,68.9421,10,-1.6161,2023-01-02,Таджикский сомони (TJS)
TRY,Турецкая лира,37.5865,10,-0.8769,2023-01-02,Турецкая лира (TRY)
TMT,Туркменский манат,20.0964,1,-0.4687,2023-01-02,Туркменский манат (TMT)
UZS,Узбекский сум,62.6589,0,-1.6324,2023-01-02,Узбекский сум (UZS)
UAH,Украинская гривна,19.1387,10,-0.3507,2023-01-02,Украинская гривна (UAH)
CZK,Чешская крона,30.9611,10,-0.6136,2023-01-02,Чешская крона (CZK)
SEK,Шведская крона,67.3918,10,-1.3234,2023-01-02,Шведская крона (SEK)
CHF,Швейцарский франк,76.1805,1,-1.7682,2023-01-02,Швейцарский франк (CHF)
ZAR,Южноафриканский ранд,41.4162,10,-0.8846,2023-01-02,Южноафриканский ранд (ZAR)
KRW,Южнокорейская вона,55.6248,0,-1.2971,2023-01-02,Южнокорейская вона (KRW)
JPY,Японская иена,53.0609,100,-0.6419,2023-01-02,Японская иена (JPY)
AUD,Австралийский доллар,47.6537,1,-0.9385,2023-01-01,Австралийский доллар (AUD)
AZN,Азербайджанский манат,41.375,1,-0.9649,2023-01-01,Азербайджанский манат (AZN)
AMD,Армянский драм,17.8717,100,-0.4242,2023-01-01,Армянский драм (AMD)
BYN,Белорусский рубль,25.7044,1,-0.5994,2023-01-01,Белорусский рубль (BYN)
BGN,Болгарский лев,38.2977,1,-0.7931,2023-01-01,Болгарский лев (BGN)
BRL,Бразильский реал,13.4813,1,-0.1682,2023-01-01,Бразильский реал (BRL)
GBP,Британский фунт стерлингов,84.7919,1,-1.8478,2023-01-01,Британский фунт стерлингов (GBP)
HUF,Венгерский форинт,18.7227,100,-0.3311,2023-01-01,Венгерский форинт (HUF)
DKK,Датская крона,10.0722,1,-0.2262,2023-01-01,Датская крона (DKK)
USD,Доллар США,70.3375,1,-1.6403,2023-01-01,Доллар США (USD)
EUR,Евро,75.6553,1,-0.4212,2023-01-01,Евро (EUR)
INR,Индийская рупия,84.8785,100,-2.1901,2023-01-01,Индийская рупия (INR)
ISK,Исландская крона,24.1259,100,0.0739,2023-01-01,Исландская крона (ISK)
KZT,Казахстанский тенге,15.2583,100,-0.3473,2023-01-01,Казахстанский тенге (KZT)
CAD,Канадский доллар,51.8828,1,-1.1786,2023-01-01,Канадский доллар (CAD)
KGS,Киргизский сом,82.0933,100,-1.9144,2023-01-01,Киргизский сом (KGS)
CNY,Китайский юань,98.9492,10,-2.3568,2023-01-01,Китайский юань (CNY)
MDL,Молдавский лей,36.7146,10,-0.8445,2023-01-01,Молдавский лей (MDL)
NOK,Норвежская крона,71.511,10,-1.1278,2023-01-01,Норвежская крона (NOK)
PLN,Польский злотый,16.0496,1,-0.2626,2023-01-01,Польский злотый (PLN)
RON,Румынский лей,15.1766,1,-0.3022,2023-01-01,Румынский лей (RON)
SGD,Сингапурский доллар,52.3111,1,-1.073,2023-01-01,Сингапурский доллар (SGD)
XDR,Специальные права заимствования,93.608,1,-2.1829,2023-01-01,Специальные права заимствования (XDR)
TJS,Таджикский сомони,68.9421,10,-1.6161,2023-01-01,Таджикский сомони (TJS)
TRY,Турецкая лира,37.5865,10,-0.8769,2023-01-01,Турецкая лира (TRY)
TMT,Туркменский манат,20.0964,1,-0.4687,2023-01-01,Туркменский манат (TMT)
UZS,Узбекский сум,62.6589,0,-1.6324,2023-01-01,Узбекский сум (UZS)
UAH,Украинская гривна,19.1387,10,-0.3507,2023-01-01,Украинская гривна (UAH)
CZK,Чешская крона,30.9611,10,-0.6136,2023-01-01,Чешская крона (CZK)
SEK,Шведская крона,67.3918,10,-1.3234,2023-01-01,Шведская крона (SEK)
CHF,Швейцарский франк,76.1805,1,-1.7682,2023-01-01,Швейцарский франк (CHF)
ZAR,Южноафриканский ранд,41.4162,10,-0.8846,2023-01-01,Южноафриканский ранд (ZAR)
KRW,Южнокорейская вона,55.6248,0,-1.2971,2023-01-01,Южнокорейская вона (KRW)
JPY,Японская иена,53.0609,100,-0.6419,2023-01-01,Японская иена (JPY)
AUD,Австралийский доллар,47.6537,1,-0.9385,2022-12-31,Австралийский доллар (AUD)
AZN,Азербайджанский манат,41.375,1,-0.9649,2022-12-31,Азербайджанский манат (AZN)
AMD,Армянский драм,17.8717,100,-0.4242,2022-12-31,Армянский драм (AMD)
BYN,Белорусский рубль,25.7044,1,-0.5994,2022-12-31,Белорусский рубль (BYN)
BGN,Болгарский лев,38.2977,1,-0.7931,2022-12-31,Болгарский лев (BGN)
BRL,Бразильский реал,13.4813,1,-0.1682,2022-12-31,Бразильский реал (BRL)
GBP,Британский фунт стерлингов,84.7919,1,-1.8478,2022-12-31,Британский фунт стерлингов (GBP)
HUF,Венгерский форинт,18.7227,100,-0.3311,2022-12-31,Венгерский форинт (HUF)
DKK,Датская крона,10.0722,1,-0.2262,2022-12-31,Датская крона (DKK)
USD,Доллар США,70.3375,1,-1.6403,2022-12-31,Доллар США (USD)
EUR,Евро,75.6553,1,-0.4212,2022-12-31,Евро (EUR)
INR,Индийская рупия,84.8785,100,-2.1901,2022-12-31,Индийская рупия (INR)
ISK,Исландская крона,24.1259,100,0.0739,2022-12-31,Исландская крона (ISK)
KZT,Казахстанский тенге,15.2583,100,-0.3473,2022-12-31,Казахстанский тенге (KZT)
CAD,Канадский доллар,51.8828,1,-1.1786,2022-12-31,Канадский доллар (CAD)
KGS,Киргизский сом,82.0933,100,-1.9144,2022-12-31,Киргизский сом (KGS)
CNY,Китайский юань,98.9492,10,-2.3568,2022-12-31,Китайский юань (CNY)
MDL,Молдавский лей,36.7146,10,-0.8445,2022-12-31,Молдавский лей (MDL)
NOK,Норвежская крона,71.511,10,-1.1278,2022-12-31,Норвежская крона (NOK)
PLN,Польский злотый,16.0496,1,-0.2626,2022-12-31,Польский злотый (PLN)
RON,Румынский лей,15.1766,1,-0.3022,2022-12-31,Румынский лей (RON)
SGD,Сингапурский доллар,52.3111,1,-1.073,2022-12-31,Сингапурский доллар (SGD)
XDR,Специальные права заимствования,93.608,1,-2.1829,2022-12-31,Специальные права заимствования (XDR)
TJS,Таджикский сомони,68.9421,10,-1.6161,2022-12-31,Таджикский сомони (TJS)
TRY,Турецкая лира,37.5865,10,-0.8769,2022-12-31,Турецкая лира (TRY)
TMT,Туркменский манат,20.0964,1,-0.4687,2022-12-31,Туркменский манат (TMT)
UZS,Узбекский сум,62.6589,0,-1.6324,2022-12-31,Узбекский сум (UZS)
UAH,Украинская гривна,19.1387,10,-0.3507,2022-12-31,Украинская гривна (UAH)
CZK,Чешская крона,30.9611,10,-0.6136,2022-12-31,Чешская крона (CZK)
SEK,Шведская крона,67.3918,10,-1.3234,2022-12-31,Шведская крона (SEK)
CHF,Швейцарский франк,76.1805,1,-1.7682,2022-12-31,Швейцарский франк (CHF)
ZAR,Южноафриканский ранд,41.4162,10,-0.8846,2022-12-31,Южноафриканский ранд (ZAR)
KRW,Южнокорейская вона,55.6248,0,-1.2971,2022-12-31,Южнокорейская вона (KRW)
JPY,Японская иена,53.0609,100,-0.6419,2022-12-31,Японская иена (JPY)
AUD,Австралийский доллар,48.5922,1,0.5113,2022-12-30,Австралийский доллар (AUD)
AZN,Азербайджанский манат,42.3399,1,0.3834,2022-12-30,Азербайджанский манат (AZN)
AMD,Армянский драм,18.2959,100,0.1592,2022-12-30,Армянский драм (AMD)
BYN,Белорусский рубль,26.3038,1,-0.0236,2022-12-30,Белорусский рубль (BYN)
BGN,Болгарский лев,39.0908,1,0.354,2022-12-30,Болгарский лев (BGN)
BRL,Бразильский реал,13.6495,1,0.1482,2022-12-30,Бразильский реал (BRL)
GBP,Британский фунт стерлингов,86.6397,1,0.8344,2022-12-30,Британский фунт стерлингов (GBP)
HUF,Венгерский форинт,19.0538,100,0.2253,2022-12-30,Венгерский форинт (HUF)
DKK,Датская крона,10.2984,1,0.1087,2022-12-30,Датская крона (DKK)
USD,Доллар США,71.9778,1,0.6517,2022-12-30,Доллар США (USD)
EUR,Евро,76.0765,1,0.4165,2022-12-30,Евро (EUR)
INR,Индийская рупия,87.0686,100,0.8985,2022-12-30,Индийская рупия (INR)
ISK,Исландская крона,24.1259,100,0.0739,2022-12-30,Исландская крона (ISK)
KZT,Казахстанский тенге,15.6056,100,0.1208,2022-12-30,Казахстанский тенге (KZT)
CAD,Канадский доллар,53.0614,1,0.6273,2022-12-30,Канадский доллар (CAD)
KGS,Киргизский сом,84.0077,100,0.7606,2022-12-30,Киргизский сом (KGS)
CNY,Китайский юань,10.1306,1,-0.0163,2022-12-30,Китайский юань (CNY)
MDL,Молдавский лей,37.5591,10,0.4497,2022-12-30,Молдавский лей (MDL)
NOK,Норвежская крона,72.6388,10,0.0327,2022-12-30,Норвежская крона (NOK)
PLN,Польский злотый,16.3122,1,0.1487,2022-12-30,Польский злотый (PLN)
RON,Румынский лей,15.4788,1,0.1402,2022-12-30,Румынский лей (RON)
SGD,Сингапурский доллар,53.3841,1,0.4323,2022-12-30,Сингапурский доллар (SGD)
XDR,Специальные права заимствования,95.7909,1,0.8673,2022-12-30,Специальные права заимствования (XDR)
TJS,Таджикский сомони,70.5582,10,0.6937,2022-12-30,Таджикский сомони (TJS)
TRY,Турецкая лира,38.4634,10,0.3172,2022-12-30,Турецкая лира (TRY)
TMT,Туркменский манат,20.5651,1,0.1862,2022-12-30,Туркменский манат (TMT)
UZS,Узбекский сум,64.2913,0,0.4363,2022-12-30,Узбекский сум (UZS)
UAH,Украинская гривна,19.4894,10,0.1764,2022-12-30,Украинская гривна (UAH)
CZK,Чешская крона,31.5747,10,0.3338,2022-12-30,Чешская крона (CZK)
SEK,Шведская крона,68.7152,10,0.4717,2022-12-30,Шведская крона (SEK)
CHF,Швейцарский франк,77.9487,1,1.2705,2022-12-30,Швейцарский франк (CHF)
ZAR,Южноафриканский ранд,42.3008,10,0.8271,2022-12-30,Южноафриканский ранд (ZAR)
KRW,Южнокорейская вона,56.9219,0,0.6266,2022-12-30,Южнокорейская вона (KRW)
JPY,Японская иена,53.7028,100,0.4346,2022-12-30,Японская иена (JPY)
AUD,Австралийский доллар,48.0809,1,1.3646,2022-12-29,Австралийский доллар (AUD)
AZN,Азербайджанский манат,41.9565,1,0.8185,2022-12-29,Азербайджанский манат (AZN)
AMD,Армянский драм,18.1367,100,0.3688,2022-12-29,Армянский драм (AMD)
BYN,Белорусский рубль,26.3274,1,0.2499,2022-12-29,Белорусский рубль (BYN)
BGN,Болгарский лев,38.7368,1,0.7557,2022-12-29,Болгарский лев (BGN)
BRL,Бразильский реал,13.5013,1,0.0184,2022-12-29,Бразильский реал (BRL)
GBP,Британский фунт стерлингов,85.8053,1,1.674,2022-12-29,Британский фунт стерлингов (GBP)
HUF,Венгерский форинт,18.8285,100,0.2802,2022-12-29,Венгерский форинт (HUF)
DKK,Датская крона,10.1897,1,0.2003,2022-12-29,Датская крона (DKK)
USD,Доллар США,71.3261,1,1.3915,2022-12-29,Доллар США (USD)
EUR,Евро,75.66,1,1.4771,2022-12-29,Евро (EUR)
INR,Индийская рупия,86.1701,100,1.698,2022-12-29,Индийская рупия (INR)
ISK,Исландская крона,24.1259,100,0.0739,2022-12-29,Исландская крона (ISK)
KZT,Казахстанский тенге,15.4848,100,0.3179,2022-12-29,Казахстанский тенге (KZT)
CAD,Канадский доллар,52.4341,1,1.0229,2022-12-29,Канадский доллар (CAD)
KGS,Киргизский сом,83.2471,100,1.6241,2022-12-29,Киргизский сом (KGS)
CNY,Китайский юань,10.1469,1,0.2012,2022-12-29,Китайский юань (CNY)
MDL,Молдавский лей,37.1094,10,0.7637,2022-12-29,Молдавский лей (MDL)
NOK,Норвежская крона,72.6061,10,1.6036,2022-12-29,Норвежская крона (NOK)
PLN,Польский злотый,16.1635,1,0.24,2022-12-29,Польский злотый (PLN)
RON,Румынский лей,15.3386,1,0.2081,2022-12-29,Румынский лей (RON)
SGD,Сингапурский доллар,52.9518,1,0.9906,2022-12-29,Сингапурский доллар (SGD)
XDR,Специальные права заимствования,94.9236,1,1.8518,2022-12-29,Специальные права заимствования (XDR)
TJS,Таджикский сомони,69.8645,10,1.3065,2022-12-29,Таджикский сомони (TJS)
TRY,Турецкая лира,38.1462,10,0.7116,2022-12-29,Турецкая лира (TRY)
TMT,Туркменский манат,20.3789,1,0.3976,2022-12-29,Туркменский манат (TMT)
UZS,Узбекский сум,63.855,0,1.381,2022-12-29,Узбекский сум (UZS)
UAH,Украинская гривна,19.313,10,0.3768,2022-12-29,Украинская гривна (UAH)
CZK,Чешская крона,31.2409,10,0.6014,2022-12-29,Чешская крона (CZK)
SEK,Шведская крона,68.2435,10,1.3249,2022-12-29,Шведская крона (SEK)
CHF,Швейцарский франк,76.6782,1,1.3663,2022-12-29,Швейцарский франк (CHF)
ZAR,Южноафриканский ранд,41.4737,10,0.6097,2022-12-29,Южноафриканский ранд (ZAR)
KRW,Южнокорейская вона,56.2953,0,1.2893,2022-12-29,Южнокорейская вона (KRW)
JPY,Японская иена,53.2682,100,0.7569,2022-12-29,Японская иена (JPY)
AUD,Австралийский доллар,46.7163,1,0.9926,2022-12-28,Австралийский доллар (AUD)
AZN,Азербайджанский манат,41.138,1,0.8741,2022-12-28,Азербайджанский манат (AZN)
AMD,Армянский драм,17.7679,100,0.4167,2022-12-28,Армянский драм (AMD)
BYN,Белорусский рубль,26.0775,1,0.3797,2022-12-28,Белорусский рубль (BYN)
BGN,Болгарский лев,37.9811,1,0.807,2022-12-28,Болгарский лев (BGN)
BRL,Бразильский реал,13.4829,1,0.1769,2022-12-28,Бразильский реал (BRL)
GBP,Британский фунт стерлингов,84.1313,1,1.7875,2022-12-28,Британский фунт стерлингов (GBP)
HUF,Венгерский форинт,18.5483,100,0.421,2022-12-28,Венгерский форинт (HUF)
DKK,Датская крона,99.8937,10,2.1224,2022-12-28,Датская крона (DKK)
USD,Доллар США,69.9346,1,1.4859,2022-12-28,Доллар США (USD)
EUR,Евро,74.1829,1,1.5603,2022-12-28,Евро (EUR)
INR,Индийская рупия,84.4721,100,1.645,2022-12-28,Индийская рупия (INR)
ISK,Исландская крона,24.1259,100,0.0739,2022-12-28,Исландская крона (ISK)
KZT,Казахстанский тенге,15.1669,100,0.3502,2022-12-28,Казахстанский тенге (KZT)
CAD,Канадский доллар,51.4112,1,1.0924,2022-12-28,Канадский доллар (CAD)
KGS,Киргизский сом,81.623,100,1.7342,2022-12-28,Киргизский сом (KGS)
CNY,Китайский юань,99.4575,10,2.1241,2022-12-28,Китайский юань (CNY)
MDL,Молдавский лей,36.3457,10,0.8068,2022-12-28,Молдавский лей (MDL)
NOK,Норвежская крона,71.0025,10,1.5875,2022-12-28,Норвежская крона (NOK)
PLN,Польский злотый,15.9235,1,0.2595,2022-12-28,Польский злотый (PLN)
RON,Румынский лей,15.1305,1,0.3083,2022-12-28,Румынский лей (RON)
SGD,Сингапурский доллар,51.9612,1,1.341,2022-12-28,Сингапурский доллар (SGD)
XDR,Специальные права заимствования,93.0718,1,1.9775,2022-12-28,Специальные права заимствования (XDR)
TJS,Таджикский сомони,68.558,10,1.4869,2022-12-28,Таджикский сомони (TJS)
TRY,Турецкая лира,37.4346,10,0.784,2022-12-28,Турецкая лира (TRY)
TMT,Туркменский манат,19.9813,1,0.4245,2022-12-28,Туркменский манат (TMT)
UZS,Узбекский сум,62.474,0,1.3924,2022-12-28,Узбекский сум (UZS)
UAH,Украинская гривна,18.9362,10,0.4023,2022-12-28,Украинская гривна (UAH)
CZK,Чешская крона,30.6395,10,0.651,2022-12-28,Чешская крона (CZK)
SEK,Шведская крона,66.9186,10,1.5744,2022-12-28,Шведская крона (SEK)
CHF,Швейцарский франк,75.3119,1,1.8139,2022-12-28,Швейцарский франк (CHF)
ZAR,Южноафриканский ранд,40.864,10,0.8683,2022-12-28,Южноафриканский ранд (ZAR)
KRW,Южнокорейская вона,55.006,0,1.3123,2022-12-28,Южнокорейская вона (KRW)
JPY,Японская иена,52.5113,100,0.8519,2022-12-28,Японская иена (JPY)
AUD,Австралийский доллар,45.7237,1,-0.1519,2022-12-27,Австралийский доллар (AUD)
AZN,Азербайджанский манат,40.2639,1,-0.1337,2022-12-27,Азербайджанский манат (AZN)
AMD,Армянский драм,17.3512,100,-0.0877,2022-12-27,Армянский драм (AMD)
BYN,Белорусский рубль,25.6978,1,0.1895,2022-12-27,Белорусский рубль (BYN)
BGN,Болгарский лев,37.1741,1,-0.162,2022-12-27,Болгарский лев (BGN)
BRL,Бразильский реал,13.306,1,0.0655,2022-12-27,Бразильский реал (BRL)
GBP,Британский фунт стерлингов,82.3438,1,-0.2734,2022-12-27,Британский фунт стерлингов (GBP)
HUF,Венгерский форинт,18.1273,100,-0.0602,2022-12-27,Венгерский форинт (HUF)
DKK,Датская крона,97.7713,10,-0.4214,2022-12-27,Датская крона (DKK)
USD,Доллар США,68.4487,1,-0.2273,2022-12-27,Доллар США (USD)
EUR,Евро,72.6226,1,-0.4181,2022-12-27,Евро (EUR)
INR,Индийская рупия,82.8271,100,-0.0965,2022-12-27,Индийская рупия (INR)
ISK,Исландская крона,24.1259,100,0.0739,2022-12-27,Исландская крона (ISK)
KZT,Казахстанский тенге,14.8167,100,0.1103,2022-12-27,Казахстанский тенге (KZT)
CAD,Канадский доллар,50.3188,1,0.0288,2022-12-27,Канадский доллар (CAD)
KGS,Киргизский сом,79.8888,100,-0.2653,2022-12-27,Киргизский сом (KGS)
CNY,Китайский юань,97.3334,10,-0.255,2022-12-27,Китайский юань (CNY)
MDL,Молдавский лей,35.5389,10,-0.0755,2022-12-27,Молдавский лей (MDL)
NOK,Норвежская крона,69.415,10,-0.2601,2022-12-27,Норвежская крона (NOK)
PLN,Польский злотый,15.664,1,-0.018,2022-12-27,Польский злотый (PLN)
RON,Румынский лей,14.8222,1,-0.0492,2022-12-27,Румынский лей (RON)
SGD,Сингапурский доллар,50.6202,1,-0.1681,2022-12-27,Сингапурский доллар (SGD)
XDR,Специальные права заимствования,91.0943,1,-0.343,2022-12-27,Специальные права заимствования (XDR)
TJS,Таджикский сомони,67.0711,10,-0.2069,2022-12-27,Таджикский сомони (TJS)
TRY,Турецкая лира,36.6506,10,-0.1355,2022-12-27,Турецкая лира (TRY)
TMT,Туркменский манат,19.5568,1,-0.0649,2022-12-27,Туркменский манат (TMT)
UZS,Узбекский сум,61.0816,0,-0.0981,2022-12-27,Узбекский сум (UZS)
UAH,Украинская гривна,18.5339,10,-0.0608,2022-12-27,Украинская гривна (UAH)
CZK,Чешская крона,29.9885,10,-0.1696,2022-12-27,Чешская крона (CZK)
SEK,Шведская крона,65.3442,10,-0.217,2022-12-27,Шведская крона (SEK)
CHF,Швейцарский франк,73.498,1,-0.2441,2022-12-27,Швейцарский франк (CHF)
ZAR,Южноафриканский ранд,39.9957,10,-0.1328,2022-12-27,Южноафриканский ранд (ZAR)
KRW,Южнокорейская вона,53.6937,0,0.0741,2022-12-27,Южнокорейская вона (KRW)
JPY,Японская иена,51.6594,100,-0.1129,2022-12-27,Японская иена (JPY)
AUD,Австралийский доллар,45.8756,1,-2.8919,2022-12-26,Австралийский доллар (AUD)
AZN,Азербайджанский манат,40.3976,1,-2.0322,2022-12-26,Азербайджанский манат (AZN)
AMD,Армянский драм,17.4389,100,-0.8651,2022-12-26,Армянский драм (AMD)
BYN,Белорусский рубль,25.5083,1,-0.8456,2022-12-26,Белорусский рубль (BYN)
BGN,Болгарский лев,37.3361,1,-1.8888,2022-12-26,Болгарский лев (BGN)
BRL,Бразильский реал,13.2405,1,-0.6233,2022-12-26,Бразильский реал (BRL)
GBP,Британский фунт стерлингов,82.6172,1,-4.7257,2022-12-26,Британский фунт стерлингов (GBP)
HUF,Венгерский форинт,18.1875,100,-0.9038,2022-12-26,Венгерский форинт (HUF)
DKK,Датская крона,98.1927,10,-4.9513,2022-12-26,Датская крона (DKK)
USD,Доллар США,68.676,1,-3.4546,2022-12-26,Доллар США (USD)
EUR,Евро,73.0407,1,-3.6039,2022-12-26,Евро (EUR)
INR,Индийская рупия,82.9236,100,-4.5263,2022-12-26,Индийская рупия (INR)
ISK,Исландская крона,24.1259,100,0.0739,2022-12-26,Исландская крона (ISK)
KZT,Казахстанский тенге,14.7064,100,-0.6314,2022-12-26,Казахстанский тенге (KZT)
CAD,Канадский доллар,50.29,1,-2.7004,2022-12-26,Канадский доллар (CAD)
KGS,Киргизский сом,80.1541,100,-4.0319,2022-12-26,Киргизский сом (KGS)
CNY,Китайский юань,97.5884,10,-5.0116,2022-12-26,Китайский юань (CNY)
MDL,Молдавский лей,35.6144,10,-1.7269,2022-12-26,Молдавский лей (MDL)
NOK,Норвежская крона,69.6751,10,-4.0057,2022-12-26,Норвежская крона (NOK)
PLN,Польский злотый,15.682,1,-0.7918,2022-12-26,Польский злотый (PLN)
RON,Румынский лей,14.8714,1,-0.7901,2022-12-26,Румынский лей (RON)
SGD,Сингапурский доллар,50.7883,1,-2.7409,2022-12-26,Сингапурский доллар (SGD)
XDR,Специальные права заимствования,91.4373,1,-4.6414,2022-12-26,Специальные права заимствования (XDR)
TJS,Таджикский сомони,67.278,10,-3.3732,2022-12-26,Таджикский сомони (TJS)
TRY,Турецкая лира,36.7861,10,-1.8691,2022-12-26,Турецкая лира (TRY)
TMT,Туркменский манат,19.6217,1,-0.987,2022-12-26,Туркменский манат (TMT)
UZS,Узбекский сум,61.1797,0,-2.9074,2022-12-26,Узбекский сум (UZS)
UAH,Украинская гривна,18.5947,10,-0.9361,2022-12-26,Украинская гривна (UAH)
CZK,Чешская крона,30.1581,10,-1.5254,2022-12-26,Чешская крона (CZK)
SEK,Шведская крона,65.5612,10,-4.1619,2022-12-26,Шведская крона (SEK)
CHF,Швейцарский франк,73.7421,1,-4.372,2022-12-26,Швейцарский франк (CHF)
ZAR,Южноафриканский ранд,40.1285,10,-1.9319,2022-12-26,Южноафриканский ранд (ZAR)
KRW,Южнокорейская вона,53.6196,0,-2.9002,2022-12-26,Южнокорейская вона (KRW)
JPY,Японская иена,51.7723,100,-2.9633,2022-12-26,Японская иена (JPY)
AUD,Австралийский доллар,45.8756,1,-2.8919,2022-12-25,Австралийский доллар (AUD)
AZN,Азербайджанский манат,40.3976,1,-2.0322,2022-12-25,Азербайджанский манат (AZN)
AMD,Армянский драм,17.4389,100,-0.8651,2022-12-25,Армянский драм (AMD)
BYN,Белорусский рубль,25.5083,1,-0.8456,2022-12-25,Белорусский рубль (BYN)
BGN,Болгарский лев,37.3361,1,-1.8888,2022-12-25,Болгарский лев (BGN)
BRL,Бразильский реал,13.2405,1,-0.6233,2022-12-25,Бразильский реал (BRL)
GBP,Британский фунт стерлингов,82.6172,1,-4.7257,2022-12-25,Британский фунт стерлингов (GBP)
HUF,Венгерский форинт,18.1875,100,-0.9038,2022-12-25,Венгерский форинт (HUF)
DKK,Датская крона,98.1927,10,-4.9513,2022-12-25,Датская крона (DKK)
USD,Доллар США,68.676,1,-3.4546,2022-12-25,Доллар США (USD)
EUR,Евро,73.0407,1,-3.6039,2022-12-25,Евро (EUR)
INR,Индийская рупия,82.9236,100,-4.5263,2022-12-25,Индийская рупия (INR)
ISK,Исландская крона,24.1259,100,0.0739,2022-12-25,Исландская крона (ISK)
KZT,Казахстанский тенге,14.7064,100,-0.6314,2022-12-25,Казахстанский тенге (KZT)
CAD,Канадский доллар,50.29,1,-2.7004,2022-12-25,Канадский доллар (CAD)
KGS,Киргизский сом,80.1541,100,-4.0319,2022-12-25,Киргизский сом (KGS)
CNY,Китайский юань,97.5884,10,-5.0116,2022-12-25,Китайский юань (CNY)
MDL,Молдавский лей,35.6144,10,-1.7269,2022-12-25,Молдавский лей (MDL)
NOK,Норвежская крона,69.6751,10,-4.0057,2022-12-25,Норвежская крона (NOK)
PLN,Польский злотый,15.682,1,-0.7918,2022-12-25,Польский злотый (PLN)
RON,Румынский лей,14.8714,1,-0.7901,2022-12-25,Румынский лей (RON)
SGD,Сингапурский доллар,50.7883,1,-2.7409,2022-12-25,Сингапурский доллар (SGD)
XDR,Специальные права заимствования,91.4373,1,-4.6414,2022-12-25,Специальные права заимствования (XDR)
TJS,Таджикский сомони,67.278,10,-3.3732,2022-12-25,Таджикский сомони (TJS)
TRY,Турецкая лира,36.7861,10,-1.8691,2022-12-25,Турецкая лира (TRY)
TMT,Туркменский манат,19.6217,1,-0.987,2022-12-25,Туркменский манат (TMT)
UZS,Узбекский сум,61.1797,0,-2.9074,2022-12-25,Узбекский сум (UZS)
UAH,Украинская гривна,18.5947,10,-0.9361,2022-12-25,Украинская гривна (UAH)
CZK,Чешская крона,30.1581,10,-1.5254,2022-12-25,Чешская крона (CZK)
SEK,Шведская крона,65.5612,10,-4.1619,2022-12-25,Шведская крона (SEK)
CHF,Швейцарский франк,73.7421,1,-4.372,2022-12-25,Швейцарский франк (CHF)
ZAR,Южноафриканский ранд,40.1285,10,-1.9319,2022-12-25,Южноафриканский ранд (ZAR)
KRW,Южнокорейская вона,53.6196,0,-2.9002,2022-12-25,Южнокорейская вона (KRW)
JPY,Японская иена,51.7723,100,-2.9633,2022-12-25,Японская иена (JPY)
AUD,Австралийский доллар,45.8756,1,-2.8919,2022-12-24,Австралийский доллар (AUD)
AZN,Азербайджанский манат,40.3976,1,-2.0322,2022-12-24,Азербайджанский манат (AZN)
AMD,Армянский драм,17.4389,100,-0.8651,2022-12-24,Армянский драм (AMD)
BYN,Белорусский рубль,25.5083,1,-0.8456,2022-12-24,Белорусский рубль (BYN)
BGN,Болгарский лев,37.3361,1,-1.8888,2022-12-24,Болгарский лев (BGN)
BRL,Бразильский реал,13.2405,1,-0.6233,2022-12-24,Бразильский реал (BRL)
GBP,Британский фунт стерлингов,82.6172,1,-4.7257,2022-12-24,Британский фунт стерлингов (GBP)
HUF,Венгерский форинт,18.1875,100,-0.9038,2022-12-24,Венгерский форинт (HUF)
DKK,Датская крона,98.1927,10,-4.9513,2022-12-24,Датская крона (DKK)
USD,Доллар США,68.676,1,-3.4546,2022-12-24,Доллар США (USD)
EUR,Евро,73.0407,1,-3.6039,2022-12-24,Евро (EUR)
INR,Индийская рупия,82.9236,100,-4.5263,2022-12-24,Индийская рупия (INR)
ISK,Исландская крона,24.1259,100,0.0739,2022-12-24,Исландская крона (ISK)
KZT,Казахстанский тенге,14.7064,100,-0.6314,2022-12-24,Казахстанский тенге (KZT)
CAD,Канадский доллар,50.29,1,-2.7004,2022-12-24,Канадский доллар (CAD)
KGS,Киргизский сом,80.1541,100,-4.0319,2022-12-24,Киргизский сом (KGS)
CNY,Китайский юань,97.5884,10,-5.0116,2022-12-24,Китайский юань (CNY)
MDL,Молдавский лей,35.6144,10,-1.7269,2022-12-24,Молдавский лей (MDL)
NOK,Норвежская крона,69.6751,10,-4.0057,2022-12-24,Норвежская крона (NOK)
PLN,Польский злотый,15.682,1,-0.7918,2022-12-24,Польский злотый (PLN)
RON,Румынский лей,14.8714,1,-0.7901,2022-12-24,Румынский лей (RON)
SGD,Сингапурский доллар,50.7883,1,-2.7409,2022-12-24,Сингапурский доллар (SGD)
XDR,Специальные права заимствования,91.4373,1,-4.6414,2022-12-24,Специальные права заимствования (XDR)
TJS,Таджикский сомони,67.278,10,-3.3732,2022-12-24,Таджикский сомони (TJS)
TRY,Турецкая лира,36.7861,10,-1.8691,2022-12-24,Турецкая лира (TRY)
TMT,Туркменский манат,19.6217,1,-0.987,2022-12-24,Туркменский манат (TMT)
UZS,Узбекский сум,61.1797,0,-2.9074,2022-12-24,Узбекский сум (UZS)
UAH,Украинская гривна,18.5947,10,-0.9361,2022-12-24,Украинская гривна (UAH)
CZK,Чешская крона,30.1581,10,-1.5254,2022-12-24,Чешская крона (CZK)
SEK,Шведская крона,65.5612,10,-4.1619,2022-12-24,Шведская крона (SEK)
CHF,Швейцарский франк,73.7421,1,-4.372,2022-12-24,Швейцарский франк (CHF)
ZAR,Южноафриканский ранд,40.1285,10,-1.9319,2022-12-24,Южноафриканский ранд (ZAR)
KRW,Южнокорейская вона,53.6196,0,-2.9002,2022-12-24,Южнокорейская вона (KRW)
JPY,Японская иена,51.7723,100,-2.9633,2022-12-24,Японская иена (JPY)
AUD,Австралийский доллар,48.7675,1,1.7692,2022-12-23,Австралийский доллар (AUD)
AZN,Азербайджанский манат,42.4298,1,0.9442,2022-12-23,Азербайджанский манат (AZN)
AMD,Армянский драм,18.304,100,0.4027,2022-12-23,Армянский драм (AMD)
BYN,Белорусский рубль,26.3539,1,0.1605,2022-12-23,Белорусский рубль (BYN)
BGN,Болгарский лев,39.2249,1,1.0059,2022-12-23,Болгарский лев (BGN)
BRL,Бразильский реал,13.8638,1,0.4109,2022-12-23,Бразильский реал (BRL)
GBP,Британский фунт стерлингов,87.3429,1,1.7319,2022-12-23,Британский фунт стерлингов (GBP)
HUF,Венгерский форинт,19.0913,100,0.4982,2022-12-23,Венгерский форинт (HUF)
DKK,Датская крона,10.3144,1,0.2657,2022-12-23,Датская крона (DKK)
USD,Доллар США,72.1306,1,1.605,2022-12-23,Доллар США (USD)
EUR,Евро,76.6446,1,1.5532,2022-12-23,Евро (EUR)
INR,Индийская рупия,87.4499,100,1.9819,2022-12-23,Индийская рупия (INR)
ISK,Исландская крона,24.1259,100,0.0739,2022-12-23,Исландская крона (ISK)
KZT,Казахстанский тенге,15.3378,100,0.3061,2022-12-23,Казахстанский тенге (KZT)
CAD,Канадский доллар,52.9904,1,1.2133,2022-12-23,Канадский доллар (CAD)
KGS,Киргизский сом,84.186,100,1.8731,2022-12-23,Киргизский сом (KGS)
CNY,Китайский юань,10.26,1,0.1764,2022-12-23,Китайский юань (CNY)
MDL,Молдавский лей,37.3413,10,0.8542,2022-12-23,Молдавский лей (MDL)
NOK,Норвежская крона,73.6808,10,1.937,2022-12-23,Норвежская крона (NOK)
PLN,Польский злотый,16.4738,1,0.4212,2022-12-23,Польский злотый (PLN)
RON,Румынский лей,15.6615,1,0.3846,2022-12-23,Румынский лей (RON)
SGD,Сингапурский доллар,53.5292,1,1.3884,2022-12-23,Сингапурский доллар (SGD)
XDR,Специальные права заимствования,96.0787,1,2.0349,2022-12-23,Специальные права заимствования (XDR)
TJS,Таджикский сомони,70.6512,10,1.566,2022-12-23,Таджикский сомони (TJS)
TRY,Турецкая лира,38.6552,10,0.8498,2022-12-23,Турецкая лира (TRY)
TMT,Туркменский манат,20.6087,1,0.4585,2022-12-23,Туркменский манат (TMT)
UZS,Узбекский сум,64.0871,0,1.5524,2022-12-23,Узбекский сум (UZS)
UAH,Украинская гривна,19.5308,10,0.435,2022-12-23,Украинская гривна (UAH)
CZK,Чешская крона,31.6835,10,0.7729,2022-12-23,Чешская крона (CZK)
SEK,Шведская крона,69.7231,10,2.0642,2022-12-23,Шведская крона (SEK)
CHF,Швейцарский франк,78.1141,1,1.9772,2022-12-23,Швейцарский франк (CHF)
ZAR,Южноафриканский ранд,42.0604,10,1.2821,2022-12-23,Южноафриканский ранд (ZAR)
KRW,Южнокорейская вона,56.5198,0,1.6659,2022-12-23,Южнокорейская вона (KRW)
JPY,Японская иена,54.7356,100,1.1976,2022-12-23,Японская иена (JPY)
AUD,Австралийский доллар,46.9983,1,1.0487,2022-12-22,Австралийский доллар (AUD)
AZN,Азербайджанский манат,41.4856,1,0.8952,2022-12-22,Азербайджанский манат (AZN)
AMD,Армянский драм,17.9013,100,0.3757,2022-12-22,Армянский драм (AMD)
BYN,Белорусский рубль,26.1934,1,0.2473,2022-12-22,Белорусский рубль (BYN)
BGN,Болгарский лев,38.219,1,0.8288,2022-12-22,Болгарский лев (BGN)
BRL,Бразильский реал,13.4529,1,0.4718,2022-12-22,Бразильский реал (BRL)
GBP,Британский фунт стерлингов,85.611,1,1.9095,2022-12-22,Британский фунт стерлингов (GBP)
HUF,Венгерский форинт,18.5931,100,0.3873,2022-12-22,Венгерский форинт (HUF)
DKK,Датская крона,10.0487,1,0.217,2022-12-22,Датская крона (DKK)
USD,Доллар США,70.5256,1,1.5219,2022-12-22,Доллар США (USD)
EUR,Евро,75.0914,1,1.7525,2022-12-22,Евро (EUR)
INR,Индийская рупия,85.468,100,2.045,2022-12-22,Индийская рупия (INR)
ISK,Исландская крона,24.1259,100,0.0739,2022-12-22,Исландская крона (ISK)
KZT,Казахстанский тенге,15.0317,100,0.2949,2022-12-22,Казахстанский тенге (KZT)
CAD,Канадский доллар,51.7771,1,1.236,2022-12-22,Канадский доллар (CAD)
KGS,Киргизский сом,82.3129,100,1.767,2022-12-22,Киргизский сом (KGS)
CNY,Китайский юань,10.0836,1,0.2046,2022-12-22,Китайский юань (CNY)
MDL,Молдавский лей,36.4871,10,0.8987,2022-12-22,Молдавский лей (MDL)
NOK,Норвежская крона,71.7438,10,1.8263,2022-12-22,Норвежская крона (NOK)
PLN,Польский злотый,16.0526,1,0.3742,2022-12-22,Польский злотый (PLN)
RON,Румынский лей,15.2769,1,0.3388,2022-12-22,Румынский лей (RON)
SGD,Сингапурский доллар,52.1408,1,1.2681,2022-12-22,Сингапурский доллар (SGD)
XDR,Специальные права заимствования,94.0438,1,2.3117,2022-12-22,Специальные права заимствования (XDR)
TJS,Таджикский сомони,69.0852,10,1.4822,2022-12-22,Таджикский сомони (TJS)
TRY,Турецкая лира,37.8054,10,0.8021,2022-12-22,Турецкая лира (TRY)
TMT,Туркменский манат,20.1502,1,0.4349,2022-12-22,Туркменский манат (TMT)
UZS,Узбекский сум,62.5347,0,1.3947,2022-12-22,Узбекский сум (UZS)
UAH,Украинская гривна,19.0958,10,0.4117,2022-12-22,Украинская гривна (UAH)
CZK,Чешская крона,30.9106,10,0.7266,2022-12-22,Чешская крона (CZK)
SEK,Шведская крона,67.6589,10,1.35,2022-12-22,Шведская крона (SEK)
CHF,Швейцарский франк,76.1369,1,1.6269,2022-12-22,Швейцарский франк (CHF)
ZAR,Южноафриканский ранд,40.7783,10,0.9592,2022-12-22,Южноафриканский ранд (ZAR)
KRW,Южнокорейская вона,54.8539,0,1.3461,2022-12-22,Южнокорейская вона (KRW)
JPY,Японская иена,53.538,100,1.6984,2022-12-22,Японская иена (JPY)
AUD,Австралийский доллар,45.9496,1,1.4106,2022-12-21,Австралийский доллар (AUD)
AZN,Азербайджанский манат,40.5904,1,1.5625,2022-12-21,Азербайджанский манат (AZN)
AMD,Армянский драм,17.5256,100,0.6985,2022-12-21,Армянский драм (AMD)
BYN,Белорусский рубль,25.9461,1,0.3501,2022-12-21,Белорусский рубль (BYN)
BGN,Болгарский лев,37.3902,1,1.3671,2022-12-21,Болгарский лев (BGN)
BRL,Бразильский реал,12.9811,1,0.4163,2022-12-21,Бразильский реал (BRL)
GBP,Британский фунт стерлингов,83.7015,1,3.0695,2022-12-21,Британский фунт стерлингов (GBP)
HUF,Венгерский форинт,18.2058,100,0.7625,2022-12-21,Венгерский форинт (HUF)
DKK,Датская крона,98.3169,10,3.5931,2022-12-21,Датская крона (DKK)
USD,Доллар США,69.0037,1,2.6563,2022-12-21,Доллар США (USD)
EUR,Евро,73.3389,1,2.7193,2022-12-21,Евро (EUR)
INR,Индийская рупия,83.423,100,3.1406,2022-12-21,Индийская рупия (INR)
ISK,Исландская крона,24.1259,100,0.0739,2022-12-21,Исландская крона (ISK)
KZT,Казахстанский тенге,14.7368,100,0.5769,2022-12-21,Казахстанский тенге (KZT)
CAD,Канадский доллар,50.5411,1,2.0663,2022-12-21,Канадский доллар (CAD)
KGS,Киргизский сом,80.5459,100,2.4442,2022-12-21,Киргизский сом (KGS)
CNY,Китайский юань,98.7901,10,3.7937,2022-12-21,Китайский юань (CNY)
MDL,Молдавский лей,35.5884,10,1.3917,2022-12-21,Молдавский лей (MDL)
NOK,Норвежская крона,69.9175,10,2.8722,2022-12-21,Норвежская крона (NOK)
PLN,Польский злотый,15.6784,1,0.6418,2022-12-21,Польский злотый (PLN)
RON,Румынский лей,14.9381,1,0.6184,2022-12-21,Румынский лей (RON)
SGD,Сингапурский доллар,50.8727,1,1.9764,2022-12-21,Сингапурский доллар (SGD)
XDR,Специальные права заимствования,91.7321,1,3.4947,2022-12-21,Специальные права заимствования (XDR)
TJS,Таджикский сомони,67.603,10,2.5833,2022-12-21,Таджикский сомони (TJS)
TRY,Турецкая лира,37.0033,10,1.4161,2022-12-21,Турецкая лира (TRY)
TMT,Туркменский манат,19.7153,1,0.7589,2022-12-21,Туркменский манат (TMT)
UZS,Узбекский сум,61.14,0,2.2429,2022-12-21,Узбекский сум (UZS)
UAH,Украинская гривна,18.6841,10,0.7196,2022-12-21,Украинская гривна (UAH)
CZK,Чешская крона,30.184,10,1.1429,2022-12-21,Чешская крона (CZK)
SEK,Шведская крона,66.3089,10,2.2336,2022-12-21,Шведская крона (SEK)
CHF,Швейцарский франк,74.51,1,3.1917,2022-12-21,Швейцарский франк (CHF)
ZAR,Южноафриканский ранд,39.8191,10,1.8079,2022-12-21,Южноафриканский ранд (ZAR)
KRW,Южнокорейская вона,53.5078,0,2.5849,2022-12-21,Южнокорейская вона (KRW)
JPY,Японская иена,51.8396,100,3.1121,2022-12-21,Японская иена (JPY)
AUD,Австралийский доллар,44.539,1,1.213,2022-12-20,Австралийский доллар (AUD)
AZN,Азербайджанский манат,39.0279,1,1.0233,2022-12-20,Азербайджанский манат (AZN)
AMD,Армянский драм,16.8271,100,0.4479,2022-12-20,Армянский драм (AMD)
BYN,Белорусский рубль,25.596,1,0.3023,2022-12-20,Белорусский рубль (BYN)
BGN,Болгарский лев,36.0231,1,0.9388,2022-12-20,Болгарский лев (BGN)
BRL,Бразильский реал,12.5648,1,0.4159,2022-12-20,Бразильский реал (BRL)
GBP,Британский фунт стерлингов,80.632,1,1.6813,2022-12-20,Британский фунт стерлингов (GBP)
HUF,Венгерский форинт,17.4433,100,0.5599,2022-12-20,Венгерский форинт (HUF)
DKK,Датская крона,94.7238,10,2.477,2022-12-20,Датская крона (DKK)
USD,Доллар США,66.3474,1,1.7396,2022-12-20,Доллар США (USD)
EUR,Евро,70.6196,1,1.8398,2022-12-20,Евро (EUR)
INR,Индийская рупия,80.2824,100,1.6929,2022-12-20,Индийская рупия (INR)
ISK,Исландская крона,24.1259,100,0.0739,2022-12-20,Исландская крона (ISK)
KZT,Казахстанский тенге,14.1599,100,0.3713,2022-12-20,Казахстанский тенге (KZT)
CAD,Канадский доллар,48.4748,1,1.1084,2022-12-20,Канадский доллар (CAD)
KGS,Киргизский сом,78.1017,100,2.0478,2022-12-20,Киргизский сом (KGS)
CNY,Китайский юань,94.9964,10,2.5582,2022-12-20,Китайский юань (CNY)
MDL,Молдавский лей,34.1967,10,0.8506,2022-12-20,Молдавский лей (MDL)
NOK,Норвежская крона,67.0453,10,1.556,2022-12-20,Норвежская крона (NOK)
PLN,Польский злотый,15.0366,1,0.3893,2022-12-20,Польский злотый (PLN)
RON,Румынский лей,14.3197,1,0.367,2022-12-20,Румынский лей (RON)
SGD,Сингапурский доллар,48.8963,1,1.2645,2022-12-20,Сингапурский доллар (SGD)
XDR,Специальные права заимствования,88.2374,1,2.2567,2022-12-20,Специальные права заимствования (XDR)
TJS,Таджикский сомони,65.0197,10,1.7048,2022-12-20,Таджикский сомони (TJS)
TRY,Турецкая лира,35.5872,10,0.9305,2022-12-20,Турецкая лира (TRY)
TMT,Туркменский манат,18.9564,1,0.497,2022-12-20,Туркменский манат (TMT)
UZS,Узбекский сум,58.8971,0,1.3716,2022-12-20,Узбекский сум (UZS)
UAH,Украинская гривна,17.9645,10,0.4706,2022-12-20,Украинская гривна (UAH)
CZK,Чешская крона,29.0411,10,0.7701,2022-12-20,Чешская крона (CZK)
SEK,Шведская крона,64.0753,10,1.6378,2022-12-20,Шведская крона (SEK)
CHF,Швейцарский франк,71.3183,1,1.8326,2022-12-20,Швейцарский франк (CHF)
ZAR,Южноафриканский ранд,38.0112,10,0.7716,2022-12-20,Южноафриканский ранд (ZAR)
KRW,Южнокорейская вона,50.9229,0,1.4302,2022-12-20,Южнокорейская вона (KRW)
JPY,Японская иена,48.7275,100,1.7844,2022-12-20,Японская иена (JPY)
AUD,Австралийский доллар,43.326,1,-0.5533,2022-12-19,Австралийский доллар (AUD)
AZN,Азербайджанский манат,38.0046,1,0.1802,2022-12-19,Азербайджанский манат (AZN)
AMD,Армянский драм,16.3792,100,0.0698,2022-12-19,Армянский драм (AMD)
BYN,Белорусский рубль,25.2937,1,0.0408,2022-12-19,Белорусский рубль (BYN)
BGN,Болгарский лев,35.0843,1,0.0731,2022-12-19,Болгарский лев (BGN)
BRL,Бразильский реал,12.1489,1,0.1081,2022-12-19,Бразильский реал (BRL)
GBP,Британский фунт стерлингов,78.9507,1,-0.8089,2022-12-19,Британский фунт стерлингов (GBP)
HUF,Венгерский форинт,16.8834,100,0.0492,2022-12-19,Венгерский форинт (HUF)
DKK,Датская крона,92.2468,10,0.2008,2022-12-19,Датская крона (DKK)
USD,Доллар США,64.6078,1,0.3063,2022-12-19,Доллар США (USD)
EUR,Евро,68.7798,1,0.3328,2022-12-19,Евро (EUR)
INR,Индийская рупия,78.5895,100,0.4441,2022-12-19,Индийская рупия (INR)
ISK,Исландская крона,24.1259,100,0.0739,2022-12-19,Исландская крона (ISK)
KZT,Казахстанский тенге,13.7886,100,0.0642,2022-12-19,Казахстанский тенге (KZT)
CAD,Канадский доллар,47.3664,1,-0.0501,2022-12-19,Канадский доллар (CAD)
KGS,Киргизский сом,76.0539,100,0.3606,2022-12-19,Киргизский сом (KGS)
CNY,Китайский юань,92.4382,10,0.3596,2022-12-19,Китайский юань (CNY)
MDL,Молдавский лей,33.3461,10,0.0782,2022-12-19,Молдавский лей (MDL)
NOK,Норвежская крона,65.4893,10,-0.1325,2022-12-19,Норвежская крона (NOK)
PLN,Польский злотый,14.6473,1,0.0737,2022-12-19,Польский злотый (PLN)
RON,Румынский лей,13.9527,1,0.0761,2022-12-19,Румынский лей (RON)
SGD,Сингапурский доллар,47.6318,1,-0.0449,2022-12-19,Сингапурский доллар (SGD)
XDR,Специальные права заимствования,85.9807,1,0.2089,2022-12-19,Специальные права заимствования (XDR)
TJS,Таджикский сомони,63.3149,10,0.302,2022-12-19,Таджикский сомони (TJS)
TRY,Турецкая лира,34.6567,10,0.1665,2022-12-19,Турецкая лира (TRY)
TMT,Туркменский манат,18.4594,1,0.0875,2022-12-19,Туркменский манат (TMT)
UZS,Узбекский сум,57.5255,0,0.4001,2022-12-19,Узбекский сум (UZS)
UAH,Украинская гривна,17.4939,10,0.0809,2022-12-19,Украинская гривна (UAH)
CZK,Чешская крона,28.271,10,0.0661,2022-12-19,Чешская крона (CZK)
SEK,Шведская крона,62.4375,10,-0.3373,2022-12-19,Шведская крона (SEK)
CHF,Швейцарский франк,69.4857,1,0.2624,2022-12-19,Швейцарский франк (CHF)
ZAR,Южноафриканский ранд,37.2396,10,0.1765,2022-12-19,Южноафриканский ранд (ZAR)
KRW,Южнокорейская вона,49.4927,0,0.1477,2022-12-19,Южнокорейская вона (KRW)
JPY,Японская иена,46.9431,100,-0.5575,2022-12-19,Японская иена (JPY)
AUD,Австралийский доллар,43.326,1,-0.5533,2022-12-18,Австралийский доллар (AUD)
AZN,Азербайджанский манат,38.0046,1,0.1802,2022-12-18,Азербайджанский манат (AZN)
AMD,Армянский драм,16.3792,100,0.0698,2022-12-18,Армянский драм (AMD)
BYN,Белорусский рубль,25.2937,1,0.0408,2022-12-18,Белорусский рубль (BYN)
BGN,Болгарский лев,35.0843,1,0.0731,2022-12-18,Болгарский лев (BGN)
BRL,Бразильский реал,12.1489,1,0.1081,2022-12-18,Бразильский реал (BRL)
GBP,Британский фунт стерлингов,78.9507,1,-0.8089,2022-12-18,Британский фунт стерлингов (GBP)
HUF,Венгерский форинт,16.8834,100,0.0492,2022-12-18,Венгерский форинт (HUF)
DKK,Датская крона,92.2468,10,0.2008,2022-12-18,Датская крона (DKK)
USD,Доллар США,64.6078,1,0.3063,2022-12-18,Доллар США (USD)
EUR,Евро,68.7798,1,0.3328,2022-12-18,Евро (EUR)
INR,Индийская рупия,78.5895,100,0.4441,2022-12-18,Индийская рупия (INR)
ISK,Исландская крона,24.1259,100,0.0739,2022-12-18,Исландская крона (ISK)
KZT,Казахстанский тенге,13.7886,100,0.0642,2022-12-18,Казахстанский тенге (KZT)
CAD,Канадский доллар,47.3664,1,-0.0501,2022-12-18,Канадский доллар (CAD)
KGS,Киргизский сом,76.0539,100,0.3606,2022-12-18,Киргизский сом (KGS)
CNY,Китайский юань,92.4382,10,0.3596,2022-12-18,Китайский юань (CNY)
MDL,Молдавский лей,33.3461,10,0.0782,2022-12-18,Молдавский лей (MDL)
NOK,Норвежская крона,65.4893,10,-0.1325,2022-12-18,Норвежская крона (NOK)
PLN,Польский злотый,14.6473,1,0.0737,2022-12-18,Польский злотый (PLN)
RON,Румынский лей,13.9527,1,0.0761,2022-12-18,Румынский лей (RON)
SGD,Сингапурский доллар,47.6318,1,-0.0449,2022-12-18,Сингапурский доллар (SGD)
XDR,Специальные права заимствования,85.9807,1,0.2089,2022-12-18,Специальные права заимствования (XDR)
TJS,Таджикский сомони,63.3149,10,0.302,2022-12-18,Таджикский сомони (TJS)
TRY,Турецкая лира,34.6567,10,0.1665,2022-12-18,Турецкая лира (TRY)
TMT,Туркменский манат,18.4594,1,0.0875,2022-12-18,Туркменский манат (TMT)
UZS,Узбекский сум,57.5255,0,0.4001,2022-12-18,Узбекский сум (UZS)
UAH,Украинская гривна,17.4939,10,0.0809,2022-12-18,Украинская гривна (UAH)
CZK,Чешская крона,28.271,10,0.0661,2022-12-18,Чешская крона (CZK)
SEK,Шведская крона,62.4375,10,-0.3373,2022-12-18,Шведская крона (SEK)
CHF,Швейцарский франк,69.4857,1,0.2624,2022-12-18,Швейцарский франк (CHF)
ZAR,Южноафриканский ранд,37.2396,10,0.1765,2022-12-18,Южноафриканский ранд (ZAR)
KRW,Южнокорейская вона,49.4927,0,0.1477,2022-12-18,Южнокорейская вона (KRW)
JPY,Японская иена,46.9431,100,-0.5575,2022-12-18,Японская иена (JPY)
